Page title,Page URL,Scan label,Issue ID,Issue type,Toolkit level,Checkpoint,WCAG level,Rule,Issue,Element,Code,Xpath,Help
Thérapeute en relation d'aide à Montréal et en ligne - Abigaïl Leconte,https://abigailtherapeute.com/,scan_3,756466387,Violation,1,1.1.1 Non-text Content,A,svg_graphics_labelled,The SVG element has no accessible name,svg,"<svg viewBox=""0 0 49.2061 49.1967"" fill=""none"" class=""absolute block size-full"">",/html[1]/body[1]/div[1]/div[1]/header[1]/div[1]/a[1]/div[1]/div[1]/svg[1],https://unpkg.com/accessibility-checker-engine@4.0.12/help/en-US/svg_graphics_labelled.html#%7B%22message%22%3A%22The%20SVG%20element%20has%20no%20accessible%20name%22%2C%22snippet%22%3A%22%3Csvg%20viewBox%3D%5C%220%200%2049.2061%2049.1967%5C%22%20fill%3D%5C%22none%5C%22%20class%3D%5C%22absolute%20block%20size-full%5C%22%3E%22%2C%22value%22%3A%5B%22VIOLATION%22%2C%22FAIL%22%5D%2C%22reasonId%22%3A%22fail_acc_name%22%2C%22ruleId%22%3A%22svg_graphics_labelled%22%2C%22messageArgs%22%3A%5B%5D%7D
Thérapeute en relation d'aide à Montréal et en ligne - Abigaïl Leconte,https://abigailtherapeute.com/,scan_3,250740016,Violation,1,1.1.1 Non-text Content,A,svg_graphics_labelled,The SVG element has no accessible name,svg,"<svg viewBox=""0 0 92.1523 28.1997"" fill=""none"" class=""absolute block size-full"">",/html[1]/body[1]/div[1]/div[1]/header[1]/div[1]/a[1]/div[1]/div[2]/svg[1],https://unpkg.com/accessibility-checker-engine@4.0.12/help/en-US/svg_graphics_labelled.html#%7B%22message%22%3A%22The%20SVG%20element%20has%20no%20accessible%20name%22%2C%22snippet%22%3A%22%3Csvg%20viewBox%3D%5C%220%200%2092.1523%2028.1997%5C%22%20fill%3D%5C%22none%5C%22%20class%3D%5C%22absolute%20block%20size-full%5C%22%3E%22%2C%22value%22%3A%5B%22VIOLATION%22%2C%22FAIL%22%5D%2C%22reasonId%22%3A%22fail_acc_name%22%2C%22ruleId%22%3A%22svg_graphics_labelled%22%2C%22messageArgs%22%3A%5B%5D%7D
Thérapeute en relation d'aide à Montréal et en ligne - Abigaïl Leconte,https://abigailtherapeute.com/,scan_3,1641231377,Violation,1,1.1.1 Non-text Content,A,svg_graphics_labelled,The SVG element has no accessible name,svg,"<svg viewBox=""0 0 65.2376 12.33"" fill=""none"" class=""absolute block size-full"">",/html[1]/body[1]/div[1]/div[1]/header[1]/div[1]/a[1]/div[1]/div[3]/svg[1],https://unpkg.com/accessibility-checker-engine@4.0.12/help/en-US/svg_graphics_labelled.html#%7B%22message%22%3A%22The%20SVG%20element%20has%20no%20accessible%20name%22%2C%22snippet%22%3A%22%3Csvg%20viewBox%3D%5C%220%200%2065.2376%2012.33%5C%22%20fill%3D%5C%22none%5C%22%20class%3D%5C%22absolute%20block%20size-full%5C%22%3E%22%2C%22value%22%3A%5B%22VIOLATION%22%2C%22FAIL%22%5D%2C%22reasonId%22%3A%22fail_acc_name%22%2C%22ruleId%22%3A%22svg_graphics_labelled%22%2C%22messageArgs%22%3A%5B%5D%7D
Thérapeute en relation d'aide à Montréal et en ligne - Abigaïl Leconte,https://abigailtherapeute.com/,scan_3,3490679503,Violation,1,1.1.1 Non-text Content,A,svg_graphics_labelled,The SVG element has no accessible name,svg,"<svg viewBox=""0 0 72.178 72.154"" preserveAspectRatio=""none"" fill=""none"" class=""absolute block size-full"">",/html[1]/body[1]/div[1]/div[1]/main[1]/section[1]/div[1]/div[2]/div[1]/div[1]/div[1]/div[1]/div[1]/div[1]/svg[1],https://unpkg.com/accessibility-checker-engine@4.0.12/help/en-US/svg_graphics_labelled.html#%7B%22message%22%3A%22The%20SVG%20element%20has%20no%20accessible%20name%22%2C%22snippet%22%3A%22%3Csvg%20viewBox%3D%5C%220%200%2072.178%2072.154%5C%22%20preserveAspectRatio%3D%5C%22none%5C%22%20fill%3D%5C%22none%5C%22%20class%3D%5C%22absolute%20block%20size-full%5C%22%3E%22%2C%22value%22%3A%5B%22VIOLATION%22%2C%22FAIL%22%5D%2C%22reasonId%22%3A%22fail_acc_name%22%2C%22ruleId%22%3A%22svg_graphics_labelled%22%2C%22messageArgs%22%3A%5B%5D%7D
Thérapeute en relation d'aide à Montréal et en ligne - Abigaïl Leconte,https://abigailtherapeute.com/,scan_3,3484017996,Violation,1,1.1.1 Non-text Content,A,svg_graphics_labelled,The SVG element has no accessible name,svg,"<svg viewBox=""0 0 86.82 86.791"" preserveAspectRatio=""none"" fill=""none"" class=""absolute block size-full"">",/html[1]/body[1]/div[1]/div[1]/main[1]/section[1]/div[1]/div[2]/div[1]/div[1]/div[1]/div[1]/div[1]/div[2]/svg[1],https://unpkg.com/accessibility-checker-engine@4.0.12/help/en-US/svg_graphics_labelled.html#%7B%22message%22%3A%22The%20SVG%20element%20has%20no%20accessible%20name%22%2C%22snippet%22%3A%22%3Csvg%20viewBox%3D%5C%220%200%2086.82%2086.791%5C%22%20preserveAspectRatio%3D%5C%22none%5C%22%20fill%3D%5C%22none%5C%22%20class%3D%5C%22absolute%20block%20size-full%5C%22%3E%22%2C%22value%22%3A%5B%22VIOLATION%22%2C%22FAIL%22%5D%2C%22reasonId%22%3A%22fail_acc_name%22%2C%22ruleId%22%3A%22svg_graphics_labelled%22%2C%22messageArgs%22%3A%5B%5D%7D
Thérapeute en relation d'aide à Montréal et en ligne - Abigaïl Leconte,https://abigailtherapeute.com/,scan_3,3355436142,Violation,1,1.1.1 Non-text Content,A,svg_graphics_labelled,The SVG element has no accessible name,svg,"<svg viewBox=""0 0 481.795 549.495"" preserveAspectRatio=""none"" fill=""none"" class=""block size-full"">",/html[1]/body[1]/div[1]/div[1]/main[1]/section[1]/div[1]/div[2]/div[1]/div[1]/div[1]/div[1]/div[1]/div[3]/div[1]/svg[1],https://unpkg.com/accessibility-checker-engine@4.0.12/help/en-US/svg_graphics_labelled.html#%7B%22message%22%3A%22The%20SVG%20element%20has%20no%20accessible%20name%22%2C%22snippet%22%3A%22%3Csvg%20viewBox%3D%5C%220%200%20481.795%20549.495%5C%22%20preserveAspectRatio%3D%5C%22none%5C%22%20fill%3D%5C%22none%5C%22%20class%3D%5C%22block%20size-full%5C%22%3E%22%2C%22value%22%3A%5B%22VIOLATION%22%2C%22FAIL%22%5D%2C%22reasonId%22%3A%22fail_acc_name%22%2C%22ruleId%22%3A%22svg_graphics_labelled%22%2C%22messageArgs%22%3A%5B%5D%7D
Thérapeute en relation d'aide à Montréal et en ligne - Abigaïl Leconte,https://abigailtherapeute.com/,scan_3,957202281,Violation,1,1.1.1 Non-text Content,A,svg_graphics_labelled,The SVG element has no accessible name,svg,"<svg viewBox=""0 0 223.697 443.248"" preserveAspectRatio=""none"" fill=""none"" class=""block size-full"">",/html[1]/body[1]/div[1]/div[1]/main[1]/section[1]/div[1]/div[2]/div[1]/div[1]/div[1]/div[1]/div[1]/div[4]/div[1]/svg[1],https://unpkg.com/accessibility-checker-engine@4.0.12/help/en-US/svg_graphics_labelled.html#%7B%22message%22%3A%22The%20SVG%20element%20has%20no%20accessible%20name%22%2C%22snippet%22%3A%22%3Csvg%20viewBox%3D%5C%220%200%20223.697%20443.248%5C%22%20preserveAspectRatio%3D%5C%22none%5C%22%20fill%3D%5C%22none%5C%22%20class%3D%5C%22block%20size-full%5C%22%3E%22%2C%22value%22%3A%5B%22VIOLATION%22%2C%22FAIL%22%5D%2C%22reasonId%22%3A%22fail_acc_name%22%2C%22ruleId%22%3A%22svg_graphics_labelled%22%2C%22messageArgs%22%3A%5B%5D%7D
Thérapeute en relation d'aide à Montréal et en ligne - Abigaïl Leconte,https://abigailtherapeute.com/,scan_3,957256936,Violation,1,1.1.1 Non-text Content,A,svg_graphics_labelled,The SVG element has no accessible name,svg,"<svg viewBox=""0 0 296.807 297.411"" preserveAspectRatio=""none"" fill=""none"" class=""block size-full"">",/html[1]/body[1]/div[1]/div[1]/main[1]/section[1]/div[1]/div[2]/div[1]/div[1]/div[1]/div[1]/div[1]/div[5]/div[1]/svg[1],https://unpkg.com/accessibility-checker-engine@4.0.12/help/en-US/svg_graphics_labelled.html#%7B%22message%22%3A%22The%20SVG%20element%20has%20no%20accessible%20name%22%2C%22snippet%22%3A%22%3Csvg%20viewBox%3D%5C%220%200%20296.807%20297.411%5C%22%20preserveAspectRatio%3D%5C%22none%5C%22%20fill%3D%5C%22none%5C%22%20class%3D%5C%22block%20size-full%5C%22%3E%22%2C%22value%22%3A%5B%22VIOLATION%22%2C%22FAIL%22%5D%2C%22reasonId%22%3A%22fail_acc_name%22%2C%22ruleId%22%3A%22svg_graphics_labelled%22%2C%22messageArgs%22%3A%5B%5D%7D
Thérapeute en relation d'aide à Montréal et en ligne - Abigaïl Leconte,https://abigailtherapeute.com/,scan_3,185368393,Violation,1,1.1.1 Non-text Content,A,svg_graphics_labelled,The SVG element has no accessible name,svg,"<svg viewBox=""0 0 103.241 103.206"" preserveAspectRatio=""none"" fill=""none"" class=""absolute block size-full"">",/html[1]/body[1]/div[1]/div[1]/main[1]/section[1]/div[1]/div[2]/div[1]/div[1]/div[1]/div[1]/div[1]/div[7]/svg[1],https://unpkg.com/accessibility-checker-engine@4.0.12/help/en-US/svg_graphics_labelled.html#%7B%22message%22%3A%22The%20SVG%20element%20has%20no%20accessible%20name%22%2C%22snippet%22%3A%22%3Csvg%20viewBox%3D%5C%220%200%20103.241%20103.206%5C%22%20preserveAspectRatio%3D%5C%22none%5C%22%20fill%3D%5C%22none%5C%22%20class%3D%5C%22absolute%20block%20size-full%5C%22%3E%22%2C%22value%22%3A%5B%22VIOLATION%22%2C%22FAIL%22%5D%2C%22reasonId%22%3A%22fail_acc_name%22%2C%22ruleId%22%3A%22svg_graphics_labelled%22%2C%22messageArgs%22%3A%5B%5D%7D
Thérapeute en relation d'aide à Montréal et en ligne - Abigaïl Leconte,https://abigailtherapeute.com/,scan_3,1898105286,Violation,1,1.1.1 Non-text Content,A,svg_graphics_labelled,The SVG element has no accessible name,svg,"<svg viewBox=""0 0 86.821 86.791"" preserveAspectRatio=""none"" fill=""none"" class=""absolute block size-full"">",/html[1]/body[1]/div[1]/div[1]/main[1]/section[1]/div[1]/div[2]/div[1]/div[1]/div[1]/div[1]/div[1]/div[8]/svg[1],https://unpkg.com/accessibility-checker-engine@4.0.12/help/en-US/svg_graphics_labelled.html#%7B%22message%22%3A%22The%20SVG%20element%20has%20no%20accessible%20name%22%2C%22snippet%22%3A%22%3Csvg%20viewBox%3D%5C%220%200%2086.821%2086.791%5C%22%20preserveAspectRatio%3D%5C%22none%5C%22%20fill%3D%5C%22none%5C%22%20class%3D%5C%22absolute%20block%20size-full%5C%22%3E%22%2C%22value%22%3A%5B%22VIOLATION%22%2C%22FAIL%22%5D%2C%22reasonId%22%3A%22fail_acc_name%22%2C%22ruleId%22%3A%22svg_graphics_labelled%22%2C%22messageArgs%22%3A%5B%5D%7D
Thérapeute en relation d'aide à Montréal et en ligne - Abigaïl Leconte,https://abigailtherapeute.com/,scan_3,3497927367,Violation,1,1.1.1 Non-text Content,A,svg_graphics_labelled,The SVG element has no accessible name,svg,"<svg viewBox=""0 0 107.809 108.687"" preserveAspectRatio=""none"" fill=""none"" class=""absolute block size-full"">",/html[1]/body[1]/div[1]/div[1]/main[1]/section[1]/div[1]/div[2]/div[1]/div[1]/div[1]/div[1]/div[1]/div[9]/svg[1],https://unpkg.com/accessibility-checker-engine@4.0.12/help/en-US/svg_graphics_labelled.html#%7B%22message%22%3A%22The%20SVG%20element%20has%20no%20accessible%20name%22%2C%22snippet%22%3A%22%3Csvg%20viewBox%3D%5C%220%200%20107.809%20108.687%5C%22%20preserveAspectRatio%3D%5C%22none%5C%22%20fill%3D%5C%22none%5C%22%20class%3D%5C%22absolute%20block%20size-full%5C%22%3E%22%2C%22value%22%3A%5B%22VIOLATION%22%2C%22FAIL%22%5D%2C%22reasonId%22%3A%22fail_acc_name%22%2C%22ruleId%22%3A%22svg_graphics_labelled%22%2C%22messageArgs%22%3A%5B%5D%7D
Thérapeute en relation d'aide à Montréal et en ligne - Abigaïl Leconte,https://abigailtherapeute.com/,scan_3,2138010519,Violation,1,1.1.1 Non-text Content,A,svg_graphics_labelled,The SVG element has no accessible name,svg,"<svg viewBox=""0 0 57 57"" preserveAspectRatio=""none"" fill=""none"" class=""absolute block size-full"">",/html[1]/body[1]/div[1]/div[1]/main[1]/section[2]/div[1]/div[3]/div[1]/a[1]/div[1]/div[1]/svg[1],https://unpkg.com/accessibility-checker-engine@4.0.12/help/en-US/svg_graphics_labelled.html#%7B%22message%22%3A%22The%20SVG%20element%20has%20no%20accessible%20name%22%2C%22snippet%22%3A%22%3Csvg%20viewBox%3D%5C%220%200%2057%2057%5C%22%20preserveAspectRatio%3D%5C%22none%5C%22%20fill%3D%5C%22none%5C%22%20class%3D%5C%22absolute%20block%20size-full%5C%22%3E%22%2C%22value%22%3A%5B%22VIOLATION%22%2C%22FAIL%22%5D%2C%22reasonId%22%3A%22fail_acc_name%22%2C%22ruleId%22%3A%22svg_graphics_labelled%22%2C%22messageArgs%22%3A%5B%5D%7D
Thérapeute en relation d'aide à Montréal et en ligne - Abigaïl Leconte,https://abigailtherapeute.com/,scan_3,1556554901,Violation,1,1.1.1 Non-text Content,A,svg_graphics_labelled,The SVG element has no accessible name,svg,"<svg viewBox=""0 0 39 39"" preserveAspectRatio=""none"" fill=""none"" class=""absolute block size-full"">",/html[1]/body[1]/div[1]/div[1]/main[1]/section[2]/div[1]/div[3]/div[1]/a[1]/div[1]/div[3]/svg[1],https://unpkg.com/accessibility-checker-engine@4.0.12/help/en-US/svg_graphics_labelled.html#%7B%22message%22%3A%22The%20SVG%20element%20has%20no%20accessible%20name%22%2C%22snippet%22%3A%22%3Csvg%20viewBox%3D%5C%220%200%2039%2039%5C%22%20preserveAspectRatio%3D%5C%22none%5C%22%20fill%3D%5C%22none%5C%22%20class%3D%5C%22absolute%20block%20size-full%5C%22%3E%22%2C%22value%22%3A%5B%22VIOLATION%22%2C%22FAIL%22%5D%2C%22reasonId%22%3A%22fail_acc_name%22%2C%22ruleId%22%3A%22svg_graphics_labelled%22%2C%22messageArgs%22%3A%5B%5D%7D
Thérapeute en relation d'aide à Montréal et en ligne - Abigaïl Leconte,https://abigailtherapeute.com/,scan_3,3907471895,Violation,1,1.1.1 Non-text Content,A,svg_graphics_labelled,The SVG element has no accessible name,svg,"<svg viewBox=""0 0 33.03 24.0601"" preserveAspectRatio=""none"" fill=""none"" class=""absolute block size-full"">",/html[1]/body[1]/div[1]/div[1]/main[1]/section[2]/div[1]/div[3]/div[1]/a[1]/div[2]/div[1]/div[1]/svg[1],https://unpkg.com/accessibility-checker-engine@4.0.12/help/en-US/svg_graphics_labelled.html#%7B%22message%22%3A%22The%20SVG%20element%20has%20no%20accessible%20name%22%2C%22snippet%22%3A%22%3Csvg%20viewBox%3D%5C%220%200%2033.03%2024.0601%5C%22%20preserveAspectRatio%3D%5C%22none%5C%22%20fill%3D%5C%22none%5C%22%20class%3D%5C%22absolute%20block%20size-full%5C%22%3E%22%2C%22value%22%3A%5B%22VIOLATION%22%2C%22FAIL%22%5D%2C%22reasonId%22%3A%22fail_acc_name%22%2C%22ruleId%22%3A%22svg_graphics_labelled%22%2C%22messageArgs%22%3A%5B%5D%7D
Thérapeute en relation d'aide à Montréal et en ligne - Abigaïl Leconte,https://abigailtherapeute.com/,scan_3,4201134004,Violation,1,1.1.1 Non-text Content,A,svg_graphics_labelled,The SVG element has no accessible name,svg,"<svg viewBox=""0 0 57 57"" preserveAspectRatio=""none"" fill=""none"" class=""absolute block size-full"">",/html[1]/body[1]/div[1]/div[1]/main[1]/section[2]/div[1]/div[3]/div[2]/a[1]/div[1]/div[1]/svg[1],https://unpkg.com/accessibility-checker-engine@4.0.12/help/en-US/svg_graphics_labelled.html#%7B%22message%22%3A%22The%20SVG%20element%20has%20no%20accessible%20name%22%2C%22snippet%22%3A%22%3Csvg%20viewBox%3D%5C%220%200%2057%2057%5C%22%20preserveAspectRatio%3D%5C%22none%5C%22%20fill%3D%5C%22none%5C%22%20class%3D%5C%22absolute%20block%20size-full%5C%22%3E%22%2C%22value%22%3A%5B%22VIOLATION%22%2C%22FAIL%22%5D%2C%22reasonId%22%3A%22fail_acc_name%22%2C%22ruleId%22%3A%22svg_graphics_labelled%22%2C%22messageArgs%22%3A%5B%5D%7D
Thérapeute en relation d'aide à Montréal et en ligne - Abigaïl Leconte,https://abigailtherapeute.com/,scan_3,3629319222,Violation,1,1.1.1 Non-text Content,A,svg_graphics_labelled,The SVG element has no accessible name,svg,"<svg viewBox=""0 0 39 39"" preserveAspectRatio=""none"" fill=""none"" class=""absolute block size-full"">",/html[1]/body[1]/div[1]/div[1]/main[1]/section[2]/div[1]/div[3]/div[2]/a[1]/div[1]/div[3]/svg[1],https://unpkg.com/accessibility-checker-engine@4.0.12/help/en-US/svg_graphics_labelled.html#%7B%22message%22%3A%22The%20SVG%20element%20has%20no%20accessible%20name%22%2C%22snippet%22%3A%22%3Csvg%20viewBox%3D%5C%220%200%2039%2039%5C%22%20preserveAspectRatio%3D%5C%22none%5C%22%20fill%3D%5C%22none%5C%22%20class%3D%5C%22absolute%20block%20size-full%5C%22%3E%22%2C%22value%22%3A%5B%22VIOLATION%22%2C%22FAIL%22%5D%2C%22reasonId%22%3A%22fail_acc_name%22%2C%22ruleId%22%3A%22svg_graphics_labelled%22%2C%22messageArgs%22%3A%5B%5D%7D
Thérapeute en relation d'aide à Montréal et en ligne - Abigaïl Leconte,https://abigailtherapeute.com/,scan_3,1675628084,Violation,1,1.1.1 Non-text Content,A,svg_graphics_labelled,The SVG element has no accessible name,svg,"<svg viewBox=""0 0 33.03 24.0601"" preserveAspectRatio=""none"" fill=""none"" class=""absolute block size-full"">",/html[1]/body[1]/div[1]/div[1]/main[1]/section[2]/div[1]/div[3]/div[2]/a[1]/div[2]/div[1]/div[1]/svg[1],https://unpkg.com/accessibility-checker-engine@4.0.12/help/en-US/svg_graphics_labelled.html#%7B%22message%22%3A%22The%20SVG%20element%20has%20no%20accessible%20name%22%2C%22snippet%22%3A%22%3Csvg%20viewBox%3D%5C%220%200%2033.03%2024.0601%5C%22%20preserveAspectRatio%3D%5C%22none%5C%22%20fill%3D%5C%22none%5C%22%20class%3D%5C%22absolute%20block%20size-full%5C%22%3E%22%2C%22value%22%3A%5B%22VIOLATION%22%2C%22FAIL%22%5D%2C%22reasonId%22%3A%22fail_acc_name%22%2C%22ruleId%22%3A%22svg_graphics_labelled%22%2C%22messageArgs%22%3A%5B%5D%7D
Thérapeute en relation d'aide à Montréal et en ligne - Abigaïl Leconte,https://abigailtherapeute.com/,scan_3,2792068053,Violation,1,1.1.1 Non-text Content,A,svg_graphics_labelled,The SVG element has no accessible name,svg,"<svg viewBox=""0 0 57 57"" preserveAspectRatio=""none"" fill=""none"" class=""absolute block size-full"">",/html[1]/body[1]/div[1]/div[1]/main[1]/section[2]/div[1]/div[3]/div[3]/a[1]/div[1]/div[1]/svg[1],https://unpkg.com/accessibility-checker-engine@4.0.12/help/en-US/svg_graphics_labelled.html#%7B%22message%22%3A%22The%20SVG%20element%20has%20no%20accessible%20name%22%2C%22snippet%22%3A%22%3Csvg%20viewBox%3D%5C%220%200%2057%2057%5C%22%20preserveAspectRatio%3D%5C%22none%5C%22%20fill%3D%5C%22none%5C%22%20class%3D%5C%22absolute%20block%20size-full%5C%22%3E%22%2C%22value%22%3A%5B%22VIOLATION%22%2C%22FAIL%22%5D%2C%22reasonId%22%3A%22fail_acc_name%22%2C%22ruleId%22%3A%22svg_graphics_labelled%22%2C%22messageArgs%22%3A%5B%5D%7D
Thérapeute en relation d'aide à Montréal et en ligne - Abigaïl Leconte,https://abigailtherapeute.com/,scan_3,2309473623,Violation,1,1.1.1 Non-text Content,A,svg_graphics_labelled,The SVG element has no accessible name,svg,"<svg viewBox=""0 0 39 39"" preserveAspectRatio=""none"" fill=""none"" class=""absolute block size-full"">",/html[1]/body[1]/div[1]/div[1]/main[1]/section[2]/div[1]/div[3]/div[3]/a[1]/div[1]/div[3]/svg[1],https://unpkg.com/accessibility-checker-engine@4.0.12/help/en-US/svg_graphics_labelled.html#%7B%22message%22%3A%22The%20SVG%20element%20has%20no%20accessible%20name%22%2C%22snippet%22%3A%22%3Csvg%20viewBox%3D%5C%220%200%2039%2039%5C%22%20preserveAspectRatio%3D%5C%22none%5C%22%20fill%3D%5C%22none%5C%22%20class%3D%5C%22absolute%20block%20size-full%5C%22%3E%22%2C%22value%22%3A%5B%22VIOLATION%22%2C%22FAIL%22%5D%2C%22reasonId%22%3A%22fail_acc_name%22%2C%22ruleId%22%3A%22svg_graphics_labelled%22%2C%22messageArgs%22%3A%5B%5D%7D
Thérapeute en relation d'aide à Montréal et en ligne - Abigaïl Leconte,https://abigailtherapeute.com/,scan_3,266562133,Violation,1,1.1.1 Non-text Content,A,svg_graphics_labelled,The SVG element has no accessible name,svg,"<svg viewBox=""0 0 33.03 24.0601"" preserveAspectRatio=""none"" fill=""none"" class=""absolute block size-full"">",/html[1]/body[1]/div[1]/div[1]/main[1]/section[2]/div[1]/div[3]/div[3]/a[1]/div[2]/div[1]/div[1]/svg[1],https://unpkg.com/accessibility-checker-engine@4.0.12/help/en-US/svg_graphics_labelled.html#%7B%22message%22%3A%22The%20SVG%20element%20has%20no%20accessible%20name%22%2C%22snippet%22%3A%22%3Csvg%20viewBox%3D%5C%220%200%2033.03%2024.0601%5C%22%20preserveAspectRatio%3D%5C%22none%5C%22%20fill%3D%5C%22none%5C%22%20class%3D%5C%22absolute%20block%20size-full%5C%22%3E%22%2C%22value%22%3A%5B%22VIOLATION%22%2C%22FAIL%22%5D%2C%22reasonId%22%3A%22fail_acc_name%22%2C%22ruleId%22%3A%22svg_graphics_labelled%22%2C%22messageArgs%22%3A%5B%5D%7D
Thérapeute en relation d'aide à Montréal et en ligne - Abigaïl Leconte,https://abigailtherapeute.com/,scan_3,3673872942,Violation,1,1.1.1 Non-text Content,A,svg_graphics_labelled,The SVG element has no accessible name,svg,"<svg fill=""none"" class=""w-full h-full"" viewBox=""14 12 40 40"">",/html[1]/body[1]/div[1]/div[1]/main[1]/section[3]/div[1]/div[2]/div[1]/div[1]/div[1]/svg[1],https://unpkg.com/accessibility-checker-engine@4.0.12/help/en-US/svg_graphics_labelled.html#%7B%22message%22%3A%22The%20SVG%20element%20has%20no%20accessible%20name%22%2C%22snippet%22%3A%22%3Csvg%20fill%3D%5C%22none%5C%22%20class%3D%5C%22w-full%20h-full%5C%22%20viewBox%3D%5C%2214%2012%2040%2040%5C%22%3E%22%2C%22value%22%3A%5B%22VIOLATION%22%2C%22FAIL%22%5D%2C%22reasonId%22%3A%22fail_acc_name%22%2C%22ruleId%22%3A%22svg_graphics_labelled%22%2C%22messageArgs%22%3A%5B%5D%7D
Thérapeute en relation d'aide à Montréal et en ligne - Abigaïl Leconte,https://abigailtherapeute.com/,scan_3,4284469005,Violation,1,1.1.1 Non-text Content,A,svg_graphics_labelled,The SVG element has no accessible name,svg,"<svg fill=""none"" class=""w-full h-full"" viewBox=""15 12 42 42"">",/html[1]/body[1]/div[1]/div[1]/main[1]/section[3]/div[1]/div[2]/div[2]/div[1]/div[1]/svg[1],https://unpkg.com/accessibility-checker-engine@4.0.12/help/en-US/svg_graphics_labelled.html#%7B%22message%22%3A%22The%20SVG%20element%20has%20no%20accessible%20name%22%2C%22snippet%22%3A%22%3Csvg%20fill%3D%5C%22none%5C%22%20class%3D%5C%22w-full%20h-full%5C%22%20viewBox%3D%5C%2215%2012%2042%2042%5C%22%3E%22%2C%22value%22%3A%5B%22VIOLATION%22%2C%22FAIL%22%5D%2C%22reasonId%22%3A%22fail_acc_name%22%2C%22ruleId%22%3A%22svg_graphics_labelled%22%2C%22messageArgs%22%3A%5B%5D%7D
Thérapeute en relation d'aide à Montréal et en ligne - Abigaïl Leconte,https://abigailtherapeute.com/,scan_3,1969633132,Violation,1,1.1.1 Non-text Content,A,svg_graphics_labelled,The SVG element has no accessible name,svg,"<svg fill=""none"" class=""w-full h-full"" viewBox=""14 12 40 40"">",/html[1]/body[1]/div[1]/div[1]/main[1]/section[3]/div[1]/div[2]/div[3]/div[1]/div[1]/svg[1],https://unpkg.com/accessibility-checker-engine@4.0.12/help/en-US/svg_graphics_labelled.html#%7B%22message%22%3A%22The%20SVG%20element%20has%20no%20accessible%20name%22%2C%22snippet%22%3A%22%3Csvg%20fill%3D%5C%22none%5C%22%20class%3D%5C%22w-full%20h-full%5C%22%20viewBox%3D%5C%2214%2012%2040%2040%5C%22%3E%22%2C%22value%22%3A%5B%22VIOLATION%22%2C%22FAIL%22%5D%2C%22reasonId%22%3A%22fail_acc_name%22%2C%22ruleId%22%3A%22svg_graphics_labelled%22%2C%22messageArgs%22%3A%5B%5D%7D
Thérapeute en relation d'aide à Montréal et en ligne - Abigaïl Leconte,https://abigailtherapeute.com/,scan_3,2508231499,Violation,1,1.1.1 Non-text Content,A,svg_graphics_labelled,The SVG element has no accessible name,svg,"<svg fill=""none"" class=""w-full h-full"" viewBox=""14 12 40 40"">",/html[1]/body[1]/div[1]/div[1]/main[1]/section[3]/div[1]/div[2]/div[4]/div[1]/div[1]/svg[1],https://unpkg.com/accessibility-checker-engine@4.0.12/help/en-US/svg_graphics_labelled.html#%7B%22message%22%3A%22The%20SVG%20element%20has%20no%20accessible%20name%22%2C%22snippet%22%3A%22%3Csvg%20fill%3D%5C%22none%5C%22%20class%3D%5C%22w-full%20h-full%5C%22%20viewBox%3D%5C%2214%2012%2040%2040%5C%22%3E%22%2C%22value%22%3A%5B%22VIOLATION%22%2C%22FAIL%22%5D%2C%22reasonId%22%3A%22fail_acc_name%22%2C%22ruleId%22%3A%22svg_graphics_labelled%22%2C%22messageArgs%22%3A%5B%5D%7D
Thérapeute en relation d'aide à Montréal et en ligne - Abigaïl Leconte,https://abigailtherapeute.com/,scan_3,21177610,Violation,1,1.1.1 Non-text Content,A,svg_graphics_labelled,The SVG element has no accessible name,svg,"<svg xmlns=""http://www.w3.org/2000/svg"" fill=""#7a0081"" viewBox=""0 0 24 24"" height=""32"" width=""32"">",/html[1]/body[1]/div[1]/div[1]/main[1]/section[4]/div[1]/div[1]/div[1]/svg[1],https://unpkg.com/accessibility-checker-engine@4.0.12/help/en-US/svg_graphics_labelled.html#%7B%22message%22%3A%22The%20SVG%20element%20has%20no%20accessible%20name%22%2C%22snippet%22%3A%22%3Csvg%20xmlns%3D%5C%22http%3A%2F%2Fwww.w3.org%2F2000%2Fsvg%5C%22%20fill%3D%5C%22%237a0081%5C%22%20viewBox%3D%5C%220%200%2024%2024%5C%22%20height%3D%5C%2232%5C%22%20width%3D%5C%2232%5C%22%3E%22%2C%22value%22%3A%5B%22VIOLATION%22%2C%22FAIL%22%5D%2C%22reasonId%22%3A%22fail_acc_name%22%2C%22ruleId%22%3A%22svg_graphics_labelled%22%2C%22messageArgs%22%3A%5B%5D%7D
Thérapeute en relation d'aide à Montréal et en ligne - Abigaïl Leconte,https://abigailtherapeute.com/,scan_3,2464670793,Violation,1,1.1.1 Non-text Content,A,svg_graphics_labelled,The SVG element has no accessible name,svg,"<svg xmlns=""http://www.w3.org/2000/svg"" fill=""#7a0081"" viewBox=""0 0 24 24"" height=""32"" width=""32"">",/html[1]/body[1]/div[1]/div[1]/main[1]/section[4]/div[1]/div[1]/div[1]/svg[2],https://unpkg.com/accessibility-checker-engine@4.0.12/help/en-US/svg_graphics_labelled.html#%7B%22message%22%3A%22The%20SVG%20element%20has%20no%20accessible%20name%22%2C%22snippet%22%3A%22%3Csvg%20xmlns%3D%5C%22http%3A%2F%2Fwww.w3.org%2F2000%2Fsvg%5C%22%20fill%3D%5C%22%237a0081%5C%22%20viewBox%3D%5C%220%200%2024%2024%5C%22%20height%3D%5C%2232%5C%22%20width%3D%5C%2232%5C%22%3E%22%2C%22value%22%3A%5B%22VIOLATION%22%2C%22FAIL%22%5D%2C%22reasonId%22%3A%22fail_acc_name%22%2C%22ruleId%22%3A%22svg_graphics_labelled%22%2C%22messageArgs%22%3A%5B%5D%7D
Thérapeute en relation d'aide à Montréal et en ligne - Abigaïl Leconte,https://abigailtherapeute.com/,scan_3,2642653448,Violation,1,1.1.1 Non-text Content,A,svg_graphics_labelled,The SVG element has no accessible name,svg,"<svg xmlns=""http://www.w3.org/2000/svg"" fill=""#7a0081"" viewBox=""0 0 24 24"" height=""32"" width=""32"">",/html[1]/body[1]/div[1]/div[1]/main[1]/section[4]/div[1]/div[1]/div[1]/svg[3],https://unpkg.com/accessibility-checker-engine@4.0.12/help/en-US/svg_graphics_labelled.html#%7B%22message%22%3A%22The%20SVG%20element%20has%20no%20accessible%20name%22%2C%22snippet%22%3A%22%3Csvg%20xmlns%3D%5C%22http%3A%2F%2Fwww.w3.org%2F2000%2Fsvg%5C%22%20fill%3D%5C%22%237a0081%5C%22%20viewBox%3D%5C%220%200%2024%2024%5C%22%20height%3D%5C%2232%5C%22%20width%3D%5C%2232%5C%22%3E%22%2C%22value%22%3A%5B%22VIOLATION%22%2C%22FAIL%22%5D%2C%22reasonId%22%3A%22fail_acc_name%22%2C%22ruleId%22%3A%22svg_graphics_labelled%22%2C%22messageArgs%22%3A%5B%5D%7D
Thérapeute en relation d'aide à Montréal et en ligne - Abigaïl Leconte,https://abigailtherapeute.com/,scan_3,3099236175,Violation,1,1.1.1 Non-text Content,A,svg_graphics_labelled,The SVG element has no accessible name,svg,"<svg xmlns=""http://www.w3.org/2000/svg"" fill=""#7a0081"" viewBox=""0 0 24 24"" height=""32"" width=""32"">",/html[1]/body[1]/div[1]/div[1]/main[1]/section[4]/div[1]/div[1]/div[1]/svg[4],https://unpkg.com/accessibility-checker-engine@4.0.12/help/en-US/svg_graphics_labelled.html#%7B%22message%22%3A%22The%20SVG%20element%20has%20no%20accessible%20name%22%2C%22snippet%22%3A%22%3Csvg%20xmlns%3D%5C%22http%3A%2F%2Fwww.w3.org%2F2000%2Fsvg%5C%22%20fill%3D%5C%22%237a0081%5C%22%20viewBox%3D%5C%220%200%2024%2024%5C%22%20height%3D%5C%2232%5C%22%20width%3D%5C%2232%5C%22%3E%22%2C%22value%22%3A%5B%22VIOLATION%22%2C%22FAIL%22%5D%2C%22reasonId%22%3A%22fail_acc_name%22%2C%22ruleId%22%3A%22svg_graphics_labelled%22%2C%22messageArgs%22%3A%5B%5D%7D
Thérapeute en relation d'aide à Montréal et en ligne - Abigaïl Leconte,https://abigailtherapeute.com/,scan_3,1471555598,Violation,1,1.1.1 Non-text Content,A,svg_graphics_labelled,The SVG element has no accessible name,svg,"<svg xmlns=""http://www.w3.org/2000/svg"" fill=""#7a0081"" viewBox=""0 0 24 24"" height=""32"" width=""32"">",/html[1]/body[1]/div[1]/div[1]/main[1]/section[4]/div[1]/div[1]/div[1]/svg[5],https://unpkg.com/accessibility-checker-engine@4.0.12/help/en-US/svg_graphics_labelled.html#%7B%22message%22%3A%22The%20SVG%20element%20has%20no%20accessible%20name%22%2C%22snippet%22%3A%22%3Csvg%20xmlns%3D%5C%22http%3A%2F%2Fwww.w3.org%2F2000%2Fsvg%5C%22%20fill%3D%5C%22%237a0081%5C%22%20viewBox%3D%5C%220%200%2024%2024%5C%22%20height%3D%5C%2232%5C%22%20width%3D%5C%2232%5C%22%3E%22%2C%22value%22%3A%5B%22VIOLATION%22%2C%22FAIL%22%5D%2C%22reasonId%22%3A%22fail_acc_name%22%2C%22ruleId%22%3A%22svg_graphics_labelled%22%2C%22messageArgs%22%3A%5B%5D%7D
Thérapeute en relation d'aide à Montréal et en ligne - Abigaïl Leconte,https://abigailtherapeute.com/,scan_3,3023958479,Violation,1,1.1.1 Non-text Content,A,svg_graphics_labelled,The SVG element has no accessible name,svg,"<svg fill=""none"" viewBox=""0 0 366 421"" height=""421"" width=""366"" xmlns=""http://www.w3.org/2000/svg"" class=""absolute left-[-4.64rem] bottom-[-4.5rem] max-w-[180px] max-h-[180px] md:max-w-none md:max-h-none"">",/html[1]/body[1]/div[1]/div[1]/main[1]/div[1]/section[1]/div[1]/div[1]/svg[1],https://unpkg.com/accessibility-checker-engine@4.0.12/help/en-US/svg_graphics_labelled.html#%7B%22message%22%3A%22The%20SVG%20element%20has%20no%20accessible%20name%22%2C%22snippet%22%3A%22%3Csvg%20fill%3D%5C%22none%5C%22%20viewBox%3D%5C%220%200%20366%20421%5C%22%20height%3D%5C%22421%5C%22%20width%3D%5C%22366%5C%22%20xmlns%3D%5C%22http%3A%2F%2Fwww.w3.org%2F2000%2Fsvg%5C%22%20class%3D%5C%22absolute%20left-%5B-4.64rem%5D%20bottom-%5B-4.5rem%5D%20max-w-%5B180px%5D%20max-h-%5B180px%5D%20md%3Amax-w-none%20md%3Amax-h-none%5C%22%3E%22%2C%22value%22%3A%5B%22VIOLATION%22%2C%22FAIL%22%5D%2C%22reasonId%22%3A%22fail_acc_name%22%2C%22ruleId%22%3A%22svg_graphics_labelled%22%2C%22messageArgs%22%3A%5B%5D%7D
Thérapeute en relation d'aide à Montréal et en ligne - Abigaïl Leconte,https://abigailtherapeute.com/,scan_3,417564812,Violation,1,1.1.1 Non-text Content,A,svg_graphics_labelled,The SVG element has no accessible name,svg,"<svg fill=""none"" viewBox=""0 0 326 326"" height=""326"" width=""326"" xmlns=""http://www.w3.org/2000/svg"" class=""absolute right-[-2.63rem] top-[0.7rem] hidden md:block"">",/html[1]/body[1]/div[1]/div[1]/main[1]/div[1]/section[1]/div[1]/div[1]/svg[2],https://unpkg.com/accessibility-checker-engine@4.0.12/help/en-US/svg_graphics_labelled.html#%7B%22message%22%3A%22The%20SVG%20element%20has%20no%20accessible%20name%22%2C%22snippet%22%3A%22%3Csvg%20fill%3D%5C%22none%5C%22%20viewBox%3D%5C%220%200%20326%20326%5C%22%20height%3D%5C%22326%5C%22%20width%3D%5C%22326%5C%22%20xmlns%3D%5C%22http%3A%2F%2Fwww.w3.org%2F2000%2Fsvg%5C%22%20class%3D%5C%22absolute%20right-%5B-2.63rem%5D%20top-%5B0.7rem%5D%20hidden%20md%3Ablock%5C%22%3E%22%2C%22value%22%3A%5B%22VIOLATION%22%2C%22FAIL%22%5D%2C%22reasonId%22%3A%22fail_acc_name%22%2C%22ruleId%22%3A%22svg_graphics_labelled%22%2C%22messageArgs%22%3A%5B%5D%7D
Thérapeute en relation d'aide à Montréal et en ligne - Abigaïl Leconte,https://abigailtherapeute.com/,scan_3,4128096589,Violation,1,1.1.1 Non-text Content,A,svg_graphics_labelled,The SVG element has no accessible name,svg,"<svg fill=""none"" viewBox=""0 0 246 486"" height=""486"" width=""246"" xmlns=""http://www.w3.org/2000/svg"" class=""absolute right-[0.01rem] md:right-[0.01rem] top-[-2rem] md:top-[-4.18rem] max-w-[180px] max-h-[180px] md:max-w-none md:max-h-none"">",/html[1]/body[1]/div[1]/div[1]/main[1]/div[1]/section[1]/div[1]/div[1]/svg[3],https://unpkg.com/accessibility-checker-engine@4.0.12/help/en-US/svg_graphics_labelled.html#%7B%22message%22%3A%22The%20SVG%20element%20has%20no%20accessible%20name%22%2C%22snippet%22%3A%22%3Csvg%20fill%3D%5C%22none%5C%22%20viewBox%3D%5C%220%200%20246%20486%5C%22%20height%3D%5C%22486%5C%22%20width%3D%5C%22246%5C%22%20xmlns%3D%5C%22http%3A%2F%2Fwww.w3.org%2F2000%2Fsvg%5C%22%20class%3D%5C%22absolute%20right-%5B0.01rem%5D%20md%3Aright-%5B0.01rem%5D%20top-%5B-2rem%5D%20md%3Atop-%5B-4.18rem%5D%20max-w-%5B180px%5D%20max-h-%5B180px%5D%20md%3Amax-w-none%20md%3Amax-h-none%5C%22%3E%22%2C%22value%22%3A%5B%22VIOLATION%22%2C%22FAIL%22%5D%2C%22reasonId%22%3A%22fail_acc_name%22%2C%22ruleId%22%3A%22svg_graphics_labelled%22%2C%22messageArgs%22%3A%5B%5D%7D
Thérapeute en relation d'aide à Montréal et en ligne - Abigaïl Leconte,https://abigailtherapeute.com/,scan_3,3802160541,Needs review,2,1.4.1 Use of Color,A,style_color_misuse,Verify color is not used as the only visual means of conveying information,style,<style>,/html[1]/plasmo-csui[1]/#document-fragment[1]/style[1],https://unpkg.com/accessibility-checker-engine@4.0.12/help/en-US/style_color_misuse.html#%7B%22message%22%3A%22Verify%20color%20is%20not%20used%20as%20the%20only%20visual%20means%20of%20conveying%20information%22%2C%22snippet%22%3A%22%3Cstyle%3E%22%2C%22value%22%3A%5B%22VIOLATION%22%2C%22POTENTIAL%22%5D%2C%22reasonId%22%3A%22Potential_1%22%2C%22ruleId%22%3A%22style_color_misuse%22%2C%22messageArgs%22%3A%5B%5D%7D
Thérapeute en relation d'aide à Montréal et en ligne - Abigaïl Leconte,https://abigailtherapeute.com/,scan_3,1591382902,Needs review,1,1.1.1 Non-text Content; 1.3.2 Meaningful Sequence; 1.4.11 Non-text Contrast,A; A; AA,style_highcontrast_visible,"Confirm Windows high contrast mode is supported when using CSS to include, position or alter non-decorative content",style,<style>,/html[1]/plasmo-csui[1]/#document-fragment[1]/style[1],https://unpkg.com/accessibility-checker-engine@4.0.12/help/en-US/style_highcontrast_visible.html#%7B%22message%22%3A%22Confirm%20Windows%20high%20contrast%20mode%20is%20supported%20when%20using%20CSS%20to%20include%2C%20position%20or%20alter%20non-decorative%20content%22%2C%22snippet%22%3A%22%3Cstyle%3E%22%2C%22value%22%3A%5B%22VIOLATION%22%2C%22MANUAL%22%5D%2C%22reasonId%22%3A%22Manual_1%22%2C%22ruleId%22%3A%22style_highcontrast_visible%22%2C%22messageArgs%22%3A%5B%5D%7D
Thérapeute en relation d'aide à Montréal et en ligne - Abigaïl Leconte,https://abigailtherapeute.com/,scan_3,1722614708,Needs review,3,2.4.11 Focus Not Obscured (Minimum),AA,element_tabbable_unobscured,"Confirm that when the element receives focus, it is not covered or, if covered by user action, can be uncovered without moving focus",a,"<a data-discover=""true"" href=""/"" aria-label=""Home"" class=""shrink-0"">",/html[1]/body[1]/div[1]/div[1]/header[1]/div[1]/a[1],https://unpkg.com/accessibility-checker-engine@4.0.12/help/en-US/element_tabbable_unobscured.html#%7B%22message%22%3A%22Confirm%20that%20when%20the%20element%20receives%20focus%2C%20it%20is%20not%20covered%20or%2C%20if%20covered%20by%20user%20action%2C%20can%20be%20uncovered%20without%20moving%20focus%22%2C%22snippet%22%3A%22%3Ca%20data-discover%3D%5C%22true%5C%22%20href%3D%5C%22%2F%5C%22%20aria-label%3D%5C%22Home%5C%22%20class%3D%5C%22shrink-0%5C%22%3E%22%2C%22value%22%3A%5B%22VIOLATION%22%2C%22POTENTIAL%22%5D%2C%22reasonId%22%3A%22potential_obscured%22%2C%22ruleId%22%3A%22element_tabbable_unobscured%22%2C%22messageArgs%22%3A%5B%5D%7D
Thérapeute en relation d'aide à Montréal et en ligne - Abigaïl Leconte,https://abigailtherapeute.com/,scan_3,385701365,Needs review,3,2.4.11 Focus Not Obscured (Minimum),AA,element_tabbable_unobscured,"Confirm that when the element receives focus, it is not covered or, if covered by user action, can be uncovered without moving focus",a,"<a aria-current=""page"" data-discover=""true"" href=""/"" class=""text-[18px] font-medium font-['Manrope',sans-serif] transition-colors text-[#7a0081]"">",/html[1]/body[1]/div[1]/div[1]/header[1]/div[1]/nav[1]/a[1],https://unpkg.com/accessibility-checker-engine@4.0.12/help/en-US/element_tabbable_unobscured.html#%7B%22message%22%3A%22Confirm%20that%20when%20the%20element%20receives%20focus%2C%20it%20is%20not%20covered%20or%2C%20if%20covered%20by%20user%20action%2C%20can%20be%20uncovered%20without%20moving%20focus%22%2C%22snippet%22%3A%22%3Ca%20aria-current%3D%5C%22page%5C%22%20data-discover%3D%5C%22true%5C%22%20href%3D%5C%22%2F%5C%22%20class%3D%5C%22text-%5B18px%5D%20font-medium%20font-%5B'Manrope'%2Csans-serif%5D%20transition-colors%20text-%5B%237a0081%5D%5C%22%3E%22%2C%22value%22%3A%5B%22VIOLATION%22%2C%22POTENTIAL%22%5D%2C%22reasonId%22%3A%22potential_obscured%22%2C%22ruleId%22%3A%22element_tabbable_unobscured%22%2C%22messageArgs%22%3A%5B%5D%7D
Thérapeute en relation d'aide à Montréal et en ligne - Abigaïl Leconte,https://abigailtherapeute.com/,scan_3,2865561718,Needs review,3,2.4.11 Focus Not Obscured (Minimum),AA,element_tabbable_unobscured,"Confirm that when the element receives focus, it is not covered or, if covered by user action, can be uncovered without moving focus",a,"<a data-discover=""true"" href=""/therapie"" class=""text-[18px] font-medium font-['Manrope',sans-serif] transition-colors text-[#0a648e] hover:text-[#7a0081]"">",/html[1]/body[1]/div[1]/div[1]/header[1]/div[1]/nav[1]/a[2],https://unpkg.com/accessibility-checker-engine@4.0.12/help/en-US/element_tabbable_unobscured.html#%7B%22message%22%3A%22Confirm%20that%20when%20the%20element%20receives%20focus%2C%20it%20is%20not%20covered%20or%2C%20if%20covered%20by%20user%20action%2C%20can%20be%20uncovered%20without%20moving%20focus%22%2C%22snippet%22%3A%22%3Ca%20data-discover%3D%5C%22true%5C%22%20href%3D%5C%22%2Ftherapie%5C%22%20class%3D%5C%22text-%5B18px%5D%20font-medium%20font-%5B'Manrope'%2Csans-serif%5D%20transition-colors%20text-%5B%230a648e%5D%20hover%3Atext-%5B%237a0081%5D%5C%22%3E%22%2C%22value%22%3A%5B%22VIOLATION%22%2C%22POTENTIAL%22%5D%2C%22reasonId%22%3A%22potential_obscured%22%2C%22ruleId%22%3A%22element_tabbable_unobscured%22%2C%22messageArgs%22%3A%5B%5D%7D
Thérapeute en relation d'aide à Montréal et en ligne - Abigaïl Leconte,https://abigailtherapeute.com/,scan_3,1435960439,Needs review,3,2.4.11 Focus Not Obscured (Minimum),AA,element_tabbable_unobscured,"Confirm that when the element receives focus, it is not covered or, if covered by user action, can be uncovered without moving focus",a,"<a data-discover=""true"" href=""/approche"" class=""text-[18px] font-medium font-['Manrope',sans-serif] transition-colors text-[#0a648e] hover:text-[#7a0081]"">",/html[1]/body[1]/div[1]/div[1]/header[1]/div[1]/nav[1]/a[3],https://unpkg.com/accessibility-checker-engine@4.0.12/help/en-US/element_tabbable_unobscured.html#%7B%22message%22%3A%22Confirm%20that%20when%20the%20element%20receives%20focus%2C%20it%20is%20not%20covered%20or%2C%20if%20covered%20by%20user%20action%2C%20can%20be%20uncovered%20without%20moving%20focus%22%2C%22snippet%22%3A%22%3Ca%20data-discover%3D%5C%22true%5C%22%20href%3D%5C%22%2Fapproche%5C%22%20class%3D%5C%22text-%5B18px%5D%20font-medium%20font-%5B'Manrope'%2Csans-serif%5D%20transition-colors%20text-%5B%230a648e%5D%20hover%3Atext-%5B%237a0081%5D%5C%22%3E%22%2C%22value%22%3A%5B%22VIOLATION%22%2C%22POTENTIAL%22%5D%2C%22reasonId%22%3A%22potential_obscured%22%2C%22ruleId%22%3A%22element_tabbable_unobscured%22%2C%22messageArgs%22%3A%5B%5D%7D
Thérapeute en relation d'aide à Montréal et en ligne - Abigaïl Leconte,https://abigailtherapeute.com/,scan_3,2641883632,Needs review,3,2.4.11 Focus Not Obscured (Minimum),AA,element_tabbable_unobscured,"Confirm that when the element receives focus, it is not covered or, if covered by user action, can be uncovered without moving focus",a,"<a data-discover=""true"" href=""/a-propos"" class=""text-[18px] font-medium font-['Manrope',sans-serif] transition-colors text-[#0a648e] hover:text-[#7a0081]"">",/html[1]/body[1]/div[1]/div[1]/header[1]/div[1]/nav[1]/a[4],https://unpkg.com/accessibility-checker-engine@4.0.12/help/en-US/element_tabbable_unobscured.html#%7B%22message%22%3A%22Confirm%20that%20when%20the%20element%20receives%20focus%2C%20it%20is%20not%20covered%20or%2C%20if%20covered%20by%20user%20action%2C%20can%20be%20uncovered%20without%20moving%20focus%22%2C%22snippet%22%3A%22%3Ca%20data-discover%3D%5C%22true%5C%22%20href%3D%5C%22%2Fa-propos%5C%22%20class%3D%5C%22text-%5B18px%5D%20font-medium%20font-%5B'Manrope'%2Csans-serif%5D%20transition-colors%20text-%5B%230a648e%5D%20hover%3Atext-%5B%237a0081%5D%5C%22%3E%22%2C%22value%22%3A%5B%22VIOLATION%22%2C%22POTENTIAL%22%5D%2C%22reasonId%22%3A%22potential_obscured%22%2C%22ruleId%22%3A%22element_tabbable_unobscured%22%2C%22messageArgs%22%3A%5B%5D%7D
Thérapeute en relation d'aide à Montréal et en ligne - Abigaïl Leconte,https://abigailtherapeute.com/,scan_3,1818163697,Needs review,3,2.4.11 Focus Not Obscured (Minimum),AA,element_tabbable_unobscured,"Confirm that when the element receives focus, it is not covered or, if covered by user action, can be uncovered without moving focus",a,"<a data-discover=""true"" href=""/contact"" class=""text-[18px] font-medium font-['Manrope',sans-serif] transition-colors text-[#0a648e] hover:text-[#7a0081]"">",/html[1]/body[1]/div[1]/div[1]/header[1]/div[1]/nav[1]/a[5],https://unpkg.com/accessibility-checker-engine@4.0.12/help/en-US/element_tabbable_unobscured.html#%7B%22message%22%3A%22Confirm%20that%20when%20the%20element%20receives%20focus%2C%20it%20is%20not%20covered%20or%2C%20if%20covered%20by%20user%20action%2C%20can%20be%20uncovered%20without%20moving%20focus%22%2C%22snippet%22%3A%22%3Ca%20data-discover%3D%5C%22true%5C%22%20href%3D%5C%22%2Fcontact%5C%22%20class%3D%5C%22text-%5B18px%5D%20font-medium%20font-%5B'Manrope'%2Csans-serif%5D%20transition-colors%20text-%5B%230a648e%5D%20hover%3Atext-%5B%237a0081%5D%5C%22%3E%22%2C%22value%22%3A%5B%22VIOLATION%22%2C%22POTENTIAL%22%5D%2C%22reasonId%22%3A%22potential_obscured%22%2C%22ruleId%22%3A%22element_tabbable_unobscured%22%2C%22messageArgs%22%3A%5B%5D%7D
Thérapeute en relation d'aide à Montréal et en ligne - Abigaïl Leconte,https://abigailtherapeute.com/,scan_3,4059806519,Needs review,3,2.4.11 Focus Not Obscured (Minimum),AA,element_tabbable_unobscured,"Confirm that when the element receives focus, it is not covered or, if covered by user action, can be uncovered without moving focus",a,"<a data-discover=""true"" href=""/contact"" class=""bg-[#0a648e] text-white px-8 py-3 rounded-full font-semibold font-['Manrope',sans-serif] text-[18px] hover:bg-[#085274] transition-colors"">",/html[1]/body[1]/div[1]/div[1]/header[1]/div[1]/div[1]/a[1],https://unpkg.com/accessibility-checker-engine@4.0.12/help/en-US/element_tabbable_unobscured.html#%7B%22message%22%3A%22Confirm%20that%20when%20the%20element%20receives%20focus%2C%20it%20is%20not%20covered%20or%2C%20if%20covered%20by%20user%20action%2C%20can%20be%20uncovered%20without%20moving%20focus%22%2C%22snippet%22%3A%22%3Ca%20data-discover%3D%5C%22true%5C%22%20href%3D%5C%22%2Fcontact%5C%22%20class%3D%5C%22bg-%5B%230a648e%5D%20text-white%20px-8%20py-3%20rounded-full%20font-semibold%20font-%5B'Manrope'%2Csans-serif%5D%20text-%5B18px%5D%20hover%3Abg-%5B%23085274%5D%20transition-colors%5C%22%3E%22%2C%22value%22%3A%5B%22VIOLATION%22%2C%22POTENTIAL%22%5D%2C%22reasonId%22%3A%22potential_obscured%22%2C%22ruleId%22%3A%22element_tabbable_unobscured%22%2C%22messageArgs%22%3A%5B%5D%7D
Thérapeute en relation d'aide à Montréal et en ligne - Abigaïl Leconte,https://abigailtherapeute.com/,scan_3,3401649885,Needs review,1,1.3.1 Info and Relationships,A,text_block_heading,"Confirm this text 'Abigaïl Leconte' is used as a heading and if so, modify to use a heading element or role",p,"<p class=""font-playfair text-[2.625rem] font-medium leading-[2.625rem] text-[#220224] text-[40px] px-[0px] py-[8px]"">",/html[1]/body[1]/div[1]/div[1]/main[1]/section[1]/div[1]/div[1]/div[1]/p[1],https://unpkg.com/accessibility-checker-engine@4.0.12/help/en-US/text_block_heading.html#%7B%22message%22%3A%22Confirm%20this%20text%20'Abiga%C3%AFl%20Leconte'%20is%20used%20as%20a%20heading%20and%20if%20so%2C%20modify%20to%20use%20a%20heading%20element%20or%20role%22%2C%22snippet%22%3A%22%3Cp%20class%3D%5C%22font-playfair%20text-%5B2.625rem%5D%20font-medium%20leading-%5B2.625rem%5D%20text-%5B%23220224%5D%20text-%5B40px%5D%20px-%5B0px%5D%20py-%5B8px%5D%5C%22%3E%22%2C%22value%22%3A%5B%22VIOLATION%22%2C%22POTENTIAL%22%5D%2C%22reasonId%22%3A%22potential_heading%22%2C%22ruleId%22%3A%22text_block_heading%22%2C%22messageArgs%22%3A%5B%22Abiga%C3%AFl%20Leconte%22%5D%7D
Thérapeute en relation d'aide à Montréal et en ligne - Abigaïl Leconte,https://abigailtherapeute.com/,scan_3,562196615,Needs review,2,1.3.1 Info and Relationships,A,heading_markup_misuse,Verify that the heading element is a genuine heading,h2,"<h2 class=""font-manrope text-[21px] md:text-[24px] text-[#220224] leading-relaxed"">",/html[1]/body[1]/div[1]/div[1]/main[1]/section[1]/div[1]/div[1]/div[1]/h2[1],https://unpkg.com/accessibility-checker-engine@4.0.12/help/en-US/heading_markup_misuse.html#%7B%22message%22%3A%22Verify%20that%20the%20heading%20element%20is%20a%20genuine%20heading%22%2C%22snippet%22%3A%22%3Ch2%20class%3D%5C%22font-manrope%20text-%5B21px%5D%20md%3Atext-%5B24px%5D%20text-%5B%23220224%5D%20leading-relaxed%5C%22%3E%22%2C%22value%22%3A%5B%22VIOLATION%22%2C%22POTENTIAL%22%5D%2C%22reasonId%22%3A%22Potential_1%22%2C%22ruleId%22%3A%22heading_markup_misuse%22%2C%22messageArgs%22%3A%5B%5D%7D
Thérapeute en relation d'aide à Montréal et en ligne - Abigaïl Leconte,https://abigailtherapeute.com/,scan_3,3040728709,Needs review,3,HTML specification,NA,element_id_unique,"The <path> element has the id ""Vector"" that is already in use",path,"<path id=""Vector"" fill=""var(--fill-0, #623B1E)"" d=""M74.112 74.046C82.249 65.912 86.82 54.879 86.82 43.375C86.82 31.871 82.249 20.839 74.112 12.704C65.974 4.57001 54.938 0 43.43 0C31.923 0 20.886 4.57001 12.749 12.704H12.709V12.745C4.57102 20.879 0 31.912 0 43.415C0 54.919 4.57102 65.952 12.709 74.086C20.846 82.221 31.882 86.791 43.39 86.791C54.898 86.791 65.934 82.221 74.071 74.086V74.038L74.112 74.046Z"">",/html[1]/body[1]/div[1]/div[1]/main[1]/section[1]/div[1]/div[2]/div[1]/div[1]/div[1]/div[1]/div[1]/div[2]/svg[1]/path[1],https://unpkg.com/accessibility-checker-engine@4.0.12/help/en-US/element_id_unique.html#%7B%22message%22%3A%22The%20%3Cpath%3E%20element%20has%20the%20id%20%5C%22Vector%5C%22%20that%20is%20already%20in%20use%22%2C%22snippet%22%3A%22%3Cpath%20id%3D%5C%22Vector%5C%22%20fill%3D%5C%22var(--fill-0%2C%20%23623B1E)%5C%22%20d%3D%5C%22M74.112%2074.046C82.249%2065.912%2086.82%2054.879%2086.82%2043.375C86.82%2031.871%2082.249%2020.839%2074.112%2012.704C65.974%204.57001%2054.938%200%2043.43%200C31.923%200%2020.886%204.57001%2012.749%2012.704H12.709V12.745C4.57102%2020.879%200%2031.912%200%2043.415C0%2054.919%204.57102%2065.952%2012.709%2074.086C20.846%2082.221%2031.882%2086.791%2043.39%2086.791C54.898%2086.791%2065.934%2082.221%2074.071%2074.086V74.038L74.112%2074.046Z%5C%22%3E%22%2C%22value%22%3A%5B%22VIOLATION%22%2C%22POTENTIAL%22%5D%2C%22reasonId%22%3A%22potential_in_use%22%2C%22ruleId%22%3A%22element_id_unique%22%2C%22messageArgs%22%3A%5B%22path%22%2C%22Vector%22%5D%7D
Thérapeute en relation d'aide à Montréal et en ligne - Abigaïl Leconte,https://abigailtherapeute.com/,scan_3,1070278328,Needs review,3,HTML specification,NA,element_id_unique,"The <path> element has the id ""Vector"" that is already in use",path,"<path id=""Vector"" fill=""var(--fill-0, #F0B38F)"" d=""M459.974 16.4936C462.409 15.0902 465.451 16.8461 465.453 19.6563L465.795 529.834C465.797 532.647 462.75 534.407 460.313 533L17.8272 277.616C15.3899 276.209 15.3912 272.692 17.8295 271.287L459.974 16.4936Z"">",/html[1]/body[1]/div[1]/div[1]/main[1]/section[1]/div[1]/div[2]/div[1]/div[1]/div[1]/div[1]/div[1]/div[3]/div[1]/svg[1]/g[1]/path[1],https://unpkg.com/accessibility-checker-engine@4.0.12/help/en-US/element_id_unique.html#%7B%22message%22%3A%22The%20%3Cpath%3E%20element%20has%20the%20id%20%5C%22Vector%5C%22%20that%20is%20already%20in%20use%22%2C%22snippet%22%3A%22%3Cpath%20id%3D%5C%22Vector%5C%22%20fill%3D%5C%22var(--fill-0%2C%20%23F0B38F)%5C%22%20d%3D%5C%22M459.974%2016.4936C462.409%2015.0902%20465.451%2016.8461%20465.453%2019.6563L465.795%20529.834C465.797%20532.647%20462.75%20534.407%20460.313%20533L17.8272%20277.616C15.3899%20276.209%2015.3912%20272.692%2017.8295%20271.287L459.974%2016.4936Z%5C%22%3E%22%2C%22value%22%3A%5B%22VIOLATION%22%2C%22POTENTIAL%22%5D%2C%22reasonId%22%3A%22potential_in_use%22%2C%22ruleId%22%3A%22element_id_unique%22%2C%22messageArgs%22%3A%5B%22path%22%2C%22Vector%22%5D%7D
Thérapeute en relation d'aide à Montréal et en ligne - Abigaïl Leconte,https://abigailtherapeute.com/,scan_3,712366336,Needs review,3,HTML specification,NA,element_id_unique,"The <path> element has the id ""Vector"" that is already in use",path,"<path stroke-width=""4"" stroke-miterlimit=""10"" stroke=""var(--stroke-0, #1E5961)"" id=""Vector"" d=""M2 2V441.248C123.333 441.248 221.697 342.916 221.697 221.624C221.697 192.783 216.014 164.224 204.973 137.578C193.933 110.932 177.75 86.7207 157.349 66.3267C136.948 45.9323 112.729 29.755 86.074 18.7179C59.42 7.6807 30.851 2 2 2Z"">",/html[1]/body[1]/div[1]/div[1]/main[1]/section[1]/div[1]/div[2]/div[1]/div[1]/div[1]/div[1]/div[1]/div[4]/div[1]/svg[1]/path[1],https://unpkg.com/accessibility-checker-engine@4.0.12/help/en-US/element_id_unique.html#%7B%22message%22%3A%22The%20%3Cpath%3E%20element%20has%20the%20id%20%5C%22Vector%5C%22%20that%20is%20already%20in%20use%22%2C%22snippet%22%3A%22%3Cpath%20stroke-width%3D%5C%224%5C%22%20stroke-miterlimit%3D%5C%2210%5C%22%20stroke%3D%5C%22var(--stroke-0%2C%20%231E5961)%5C%22%20id%3D%5C%22Vector%5C%22%20d%3D%5C%22M2%202V441.248C123.333%20441.248%20221.697%20342.916%20221.697%20221.624C221.697%20192.783%20216.014%20164.224%20204.973%20137.578C193.933%20110.932%20177.75%2086.7207%20157.349%2066.3267C136.948%2045.9323%20112.729%2029.755%2086.074%2018.7179C59.42%207.6807%2030.851%202%202%202Z%5C%22%3E%22%2C%22value%22%3A%5B%22VIOLATION%22%2C%22POTENTIAL%22%5D%2C%22reasonId%22%3A%22potential_in_use%22%2C%22ruleId%22%3A%22element_id_unique%22%2C%22messageArgs%22%3A%5B%22path%22%2C%22Vector%22%5D%7D
Thérapeute en relation d'aide à Montréal et en ligne - Abigaïl Leconte,https://abigailtherapeute.com/,scan_3,402262849,Needs review,3,HTML specification,NA,element_id_unique,"The <path> element has the id ""Vector"" that is already in use",path,"<path stroke-width=""4"" stroke-miterlimit=""10"" stroke=""var(--stroke-0, #B43911)"" id=""Vector"" d=""M294.807 148.706C294.807 67.683 229.26 2 148.404 2C67.547 2 2 67.683 2 148.706C2 229.729 67.547 295.411 148.404 295.411C229.26 295.411 294.807 229.729 294.807 148.706Z"">",/html[1]/body[1]/div[1]/div[1]/main[1]/section[1]/div[1]/div[2]/div[1]/div[1]/div[1]/div[1]/div[1]/div[5]/div[1]/svg[1]/path[1],https://unpkg.com/accessibility-checker-engine@4.0.12/help/en-US/element_id_unique.html#%7B%22message%22%3A%22The%20%3Cpath%3E%20element%20has%20the%20id%20%5C%22Vector%5C%22%20that%20is%20already%20in%20use%22%2C%22snippet%22%3A%22%3Cpath%20stroke-width%3D%5C%224%5C%22%20stroke-miterlimit%3D%5C%2210%5C%22%20stroke%3D%5C%22var(--stroke-0%2C%20%23B43911)%5C%22%20id%3D%5C%22Vector%5C%22%20d%3D%5C%22M294.807%20148.706C294.807%2067.683%20229.26%202%20148.404%202C67.547%202%202%2067.683%202%20148.706C2%20229.729%2067.547%20295.411%20148.404%20295.411C229.26%20295.411%20294.807%20229.729%20294.807%20148.706Z%5C%22%3E%22%2C%22value%22%3A%5B%22VIOLATION%22%2C%22POTENTIAL%22%5D%2C%22reasonId%22%3A%22potential_in_use%22%2C%22ruleId%22%3A%22element_id_unique%22%2C%22messageArgs%22%3A%5B%22path%22%2C%22Vector%22%5D%7D
Thérapeute en relation d'aide à Montréal et en ligne - Abigaïl Leconte,https://abigailtherapeute.com/,scan_3,2417597248,Needs review,3,HTML specification,NA,element_id_unique,"The <path> element has the id ""Vector"" that is already in use",path,"<path id=""Vector"" fill=""var(--fill-0, #623B1E)"" d=""M88.1288 88.051C97.8048 78.378 103.241 65.259 103.241 51.579C103.241 37.899 97.8048 24.78 88.1288 15.107C78.4528 5.43402 65.3288 0 51.6448 0C37.9602 0 24.8364 5.43402 15.1602 15.107H15.1122V15.155C5.436 24.828 0 37.947 0 51.627C0 65.307 5.436 78.426 15.1122 88.099C24.7884 97.772 37.9122 103.206 51.5968 103.206C65.2808 103.206 78.4048 97.772 88.0808 88.099V88.042L88.1288 88.051Z"">",/html[1]/body[1]/div[1]/div[1]/main[1]/section[1]/div[1]/div[2]/div[1]/div[1]/div[1]/div[1]/div[1]/div[7]/svg[1]/path[1],https://unpkg.com/accessibility-checker-engine@4.0.12/help/en-US/element_id_unique.html#%7B%22message%22%3A%22The%20%3Cpath%3E%20element%20has%20the%20id%20%5C%22Vector%5C%22%20that%20is%20already%20in%20use%22%2C%22snippet%22%3A%22%3Cpath%20id%3D%5C%22Vector%5C%22%20fill%3D%5C%22var(--fill-0%2C%20%23623B1E)%5C%22%20d%3D%5C%22M88.1288%2088.051C97.8048%2078.378%20103.241%2065.259%20103.241%2051.579C103.241%2037.899%2097.8048%2024.78%2088.1288%2015.107C78.4528%205.43402%2065.3288%200%2051.6448%200C37.9602%200%2024.8364%205.43402%2015.1602%2015.107H15.1122V15.155C5.436%2024.828%200%2037.947%200%2051.627C0%2065.307%205.436%2078.426%2015.1122%2088.099C24.7884%2097.772%2037.9122%20103.206%2051.5968%20103.206C65.2808%20103.206%2078.4048%2097.772%2088.0808%2088.099V88.042L88.1288%2088.051Z%5C%22%3E%22%2C%22value%22%3A%5B%22VIOLATION%22%2C%22POTENTIAL%22%5D%2C%22reasonId%22%3A%22potential_in_use%22%2C%22ruleId%22%3A%22element_id_unique%22%2C%22messageArgs%22%3A%5B%22path%22%2C%22Vector%22%5D%7D
Thérapeute en relation d'aide à Montréal et en ligne - Abigaïl Leconte,https://abigailtherapeute.com/,scan_3,2130369935,Needs review,3,HTML specification,NA,element_id_unique,"The <path> element has the id ""Vector"" that is already in use",path,"<path id=""Vector"" fill=""var(--fill-0, #B43911)"" d=""M74.112 74.046C82.249 65.912 86.821 54.879 86.821 43.375C86.821 31.871 82.249 20.839 74.112 12.704C65.975 4.56999 54.938 0 43.431 0C31.923 0 20.887 4.56999 12.749 12.704H12.709V12.745C4.57198 20.879 0 31.912 0 43.416C0 54.919 4.57198 65.952 12.709 74.086C20.846 82.221 31.883 86.791 43.39 86.791C54.898 86.791 65.935 82.221 74.072 74.086V74.038L74.112 74.046Z"">",/html[1]/body[1]/div[1]/div[1]/main[1]/section[1]/div[1]/div[2]/div[1]/div[1]/div[1]/div[1]/div[1]/div[8]/svg[1]/path[1],https://unpkg.com/accessibility-checker-engine@4.0.12/help/en-US/element_id_unique.html#%7B%22message%22%3A%22The%20%3Cpath%3E%20element%20has%20the%20id%20%5C%22Vector%5C%22%20that%20is%20already%20in%20use%22%2C%22snippet%22%3A%22%3Cpath%20id%3D%5C%22Vector%5C%22%20fill%3D%5C%22var(--fill-0%2C%20%23B43911)%5C%22%20d%3D%5C%22M74.112%2074.046C82.249%2065.912%2086.821%2054.879%2086.821%2043.375C86.821%2031.871%2082.249%2020.839%2074.112%2012.704C65.975%204.56999%2054.938%200%2043.431%200C31.923%200%2020.887%204.56999%2012.749%2012.704H12.709V12.745C4.57198%2020.879%200%2031.912%200%2043.416C0%2054.919%204.57198%2065.952%2012.709%2074.086C20.846%2082.221%2031.883%2086.791%2043.39%2086.791C54.898%2086.791%2065.935%2082.221%2074.072%2074.086V74.038L74.112%2074.046Z%5C%22%3E%22%2C%22value%22%3A%5B%22VIOLATION%22%2C%22POTENTIAL%22%5D%2C%22reasonId%22%3A%22potential_in_use%22%2C%22ruleId%22%3A%22element_id_unique%22%2C%22messageArgs%22%3A%5B%22path%22%2C%22Vector%22%5D%7D
Thérapeute en relation d'aide à Montréal et en ligne - Abigaïl Leconte,https://abigailtherapeute.com/,scan_3,2199891278,Needs review,3,HTML specification,NA,element_id_unique,"The <path> element has the id ""Vector"" that is already in use",path,"<path id=""Vector"" fill=""var(--fill-0, #1E5961)"" d=""M92.028 92.7271C102.133 82.5401 107.809 68.7241 107.809 54.3181C107.809 39.9121 102.133 26.0961 92.028 15.9091C81.924 5.7228 68.22 0 53.93 0C39.64 0 25.936 5.7228 15.831 15.9091H15.781V15.9601C5.677 26.1461 0 39.9621 0 54.3681C0 68.7751 5.677 82.5911 15.781 92.7771C25.886 102.964 39.59 108.687 53.88 108.687C68.169 108.687 81.874 102.964 91.978 92.7771V92.7171L92.028 92.7271Z"">",/html[1]/body[1]/div[1]/div[1]/main[1]/section[1]/div[1]/div[2]/div[1]/div[1]/div[1]/div[1]/div[1]/div[9]/svg[1]/path[1],https://unpkg.com/accessibility-checker-engine@4.0.12/help/en-US/element_id_unique.html#%7B%22message%22%3A%22The%20%3Cpath%3E%20element%20has%20the%20id%20%5C%22Vector%5C%22%20that%20is%20already%20in%20use%22%2C%22snippet%22%3A%22%3Cpath%20id%3D%5C%22Vector%5C%22%20fill%3D%5C%22var(--fill-0%2C%20%231E5961)%5C%22%20d%3D%5C%22M92.028%2092.7271C102.133%2082.5401%20107.809%2068.7241%20107.809%2054.3181C107.809%2039.9121%20102.133%2026.0961%2092.028%2015.9091C81.924%205.7228%2068.22%200%2053.93%200C39.64%200%2025.936%205.7228%2015.831%2015.9091H15.781V15.9601C5.677%2026.1461%200%2039.9621%200%2054.3681C0%2068.7751%205.677%2082.5911%2015.781%2092.7771C25.886%20102.964%2039.59%20108.687%2053.88%20108.687C68.169%20108.687%2081.874%20102.964%2091.978%2092.7771V92.7171L92.028%2092.7271Z%5C%22%3E%22%2C%22value%22%3A%5B%22VIOLATION%22%2C%22POTENTIAL%22%5D%2C%22reasonId%22%3A%22potential_in_use%22%2C%22ruleId%22%3A%22element_id_unique%22%2C%22messageArgs%22%3A%5B%22path%22%2C%22Vector%22%5D%7D
Thérapeute en relation d'aide à Montréal et en ligne - Abigaïl Leconte,https://abigailtherapeute.com/,scan_3,3281854750,Needs review,3,HTML specification,NA,element_id_unique,"The <path> element has the id ""Vector"" that is already in use",path,"<path id=""Vector"" fill=""var(--fill-0, #F0B38F)"" d=""M48.6564 48.6299C53.9987 43.2876 57 36.0419 57 28.4868C57 20.9316 53.9987 13.6859 48.6564 8.34358C43.3141 3.00128 36.0684 0 28.5132 0C20.9581 0 13.7124 3.00128 8.37005 8.34358H8.34358V8.37005C3.00128 13.7124 0 20.9581 0 28.5132C0 36.0684 3.00128 43.3141 8.34358 48.6564C13.6859 53.9987 20.9316 57 28.4868 57C36.0419 57 43.2876 53.9987 48.63 48.6564V48.6247L48.6564 48.6299Z"">",/html[1]/body[1]/div[1]/div[1]/main[1]/section[2]/div[1]/div[3]/div[1]/a[1]/div[1]/div[1]/svg[1]/path[1],https://unpkg.com/accessibility-checker-engine@4.0.12/help/en-US/element_id_unique.html#%7B%22message%22%3A%22The%20%3Cpath%3E%20element%20has%20the%20id%20%5C%22Vector%5C%22%20that%20is%20already%20in%20use%22%2C%22snippet%22%3A%22%3Cpath%20id%3D%5C%22Vector%5C%22%20fill%3D%5C%22var(--fill-0%2C%20%23F0B38F)%5C%22%20d%3D%5C%22M48.6564%2048.6299C53.9987%2043.2876%2057%2036.0419%2057%2028.4868C57%2020.9316%2053.9987%2013.6859%2048.6564%208.34358C43.3141%203.00128%2036.0684%200%2028.5132%200C20.9581%200%2013.7124%203.00128%208.37005%208.34358H8.34358V8.37005C3.00128%2013.7124%200%2020.9581%200%2028.5132C0%2036.0684%203.00128%2043.3141%208.34358%2048.6564C13.6859%2053.9987%2020.9316%2057%2028.4868%2057C36.0419%2057%2043.2876%2053.9987%2048.63%2048.6564V48.6247L48.6564%2048.6299Z%5C%22%3E%22%2C%22value%22%3A%5B%22VIOLATION%22%2C%22POTENTIAL%22%5D%2C%22reasonId%22%3A%22potential_in_use%22%2C%22ruleId%22%3A%22element_id_unique%22%2C%22messageArgs%22%3A%5B%22path%22%2C%22Vector%22%5D%7D
Thérapeute en relation d'aide à Montréal et en ligne - Abigaïl Leconte,https://abigailtherapeute.com/,scan_3,1346483612,Needs review,3,HTML specification,NA,element_id_unique,"The <path> element has the id ""Vector"" that is already in use",path,"<path id=""Vector"" fill=""var(--fill-0, #7A0081)"" d=""M33.2912 33.2731C36.9465 29.6179 39 24.6603 39 19.4909C39 14.3216 36.9465 9.36403 33.2912 5.70877C29.636 2.0535 24.6784 0 19.5091 0C14.3397 0 9.38214 2.0535 5.72688 5.70877H5.70877V5.72688C2.0535 9.38214 0 14.3397 0 19.5091C0 24.6784 2.0535 29.636 5.70877 33.2912C9.36403 36.9465 14.3216 39 19.4909 39C24.6603 39 29.6179 36.9465 33.2731 33.2912V33.2695L33.2912 33.2731Z"">",/html[1]/body[1]/div[1]/div[1]/main[1]/section[2]/div[1]/div[3]/div[1]/a[1]/div[1]/div[3]/svg[1]/path[1],https://unpkg.com/accessibility-checker-engine@4.0.12/help/en-US/element_id_unique.html#%7B%22message%22%3A%22The%20%3Cpath%3E%20element%20has%20the%20id%20%5C%22Vector%5C%22%20that%20is%20already%20in%20use%22%2C%22snippet%22%3A%22%3Cpath%20id%3D%5C%22Vector%5C%22%20fill%3D%5C%22var(--fill-0%2C%20%237A0081)%5C%22%20d%3D%5C%22M33.2912%2033.2731C36.9465%2029.6179%2039%2024.6603%2039%2019.4909C39%2014.3216%2036.9465%209.36403%2033.2912%205.70877C29.636%202.0535%2024.6784%200%2019.5091%200C14.3397%200%209.38214%202.0535%205.72688%205.70877H5.70877V5.72688C2.0535%209.38214%200%2014.3397%200%2019.5091C0%2024.6784%202.0535%2029.636%205.70877%2033.2912C9.36403%2036.9465%2014.3216%2039%2019.4909%2039C24.6603%2039%2029.6179%2036.9465%2033.2731%2033.2912V33.2695L33.2912%2033.2731Z%5C%22%3E%22%2C%22value%22%3A%5B%22VIOLATION%22%2C%22POTENTIAL%22%5D%2C%22reasonId%22%3A%22potential_in_use%22%2C%22ruleId%22%3A%22element_id_unique%22%2C%22messageArgs%22%3A%5B%22path%22%2C%22Vector%22%5D%7D
Thérapeute en relation d'aide à Montréal et en ligne - Abigaïl Leconte,https://abigailtherapeute.com/,scan_3,2203849652,Needs review,3,HTML specification,NA,element_id_unique,"The <g> element has the id ""Vector"" that is already in use",g,"<g id=""Vector"">",/html[1]/body[1]/div[1]/div[1]/main[1]/section[2]/div[1]/div[3]/div[1]/a[1]/div[2]/div[1]/div[1]/svg[1]/g[1],https://unpkg.com/accessibility-checker-engine@4.0.12/help/en-US/element_id_unique.html#%7B%22message%22%3A%22The%20%3Cg%3E%20element%20has%20the%20id%20%5C%22Vector%5C%22%20that%20is%20already%20in%20use%22%2C%22snippet%22%3A%22%3Cg%20id%3D%5C%22Vector%5C%22%3E%22%2C%22value%22%3A%5B%22VIOLATION%22%2C%22POTENTIAL%22%5D%2C%22reasonId%22%3A%22potential_in_use%22%2C%22ruleId%22%3A%22element_id_unique%22%2C%22messageArgs%22%3A%5B%22g%22%2C%22Vector%22%5D%7D
Thérapeute en relation d'aide à Montréal et en ligne - Abigaïl Leconte,https://abigailtherapeute.com/,scan_3,940616893,Needs review,3,HTML specification,NA,element_id_unique,"The <path> element has the id ""Vector"" that is already in use",path,"<path id=""Vector"" fill=""var(--fill-0, #F0B38F)"" d=""M48.6564 48.6299C53.9987 43.2876 57 36.0419 57 28.4868C57 20.9316 53.9987 13.6859 48.6564 8.34358C43.3141 3.00128 36.0684 0 28.5132 0C20.9581 0 13.7124 3.00128 8.37005 8.34358H8.34358V8.37005C3.00128 13.7124 0 20.9581 0 28.5132C0 36.0684 3.00128 43.3141 8.34358 48.6564C13.6859 53.9987 20.9316 57 28.4868 57C36.0419 57 43.2876 53.9987 48.63 48.6564V48.6247L48.6564 48.6299Z"">",/html[1]/body[1]/div[1]/div[1]/main[1]/section[2]/div[1]/div[3]/div[2]/a[1]/div[1]/div[1]/svg[1]/path[1],https://unpkg.com/accessibility-checker-engine@4.0.12/help/en-US/element_id_unique.html#%7B%22message%22%3A%22The%20%3Cpath%3E%20element%20has%20the%20id%20%5C%22Vector%5C%22%20that%20is%20already%20in%20use%22%2C%22snippet%22%3A%22%3Cpath%20id%3D%5C%22Vector%5C%22%20fill%3D%5C%22var(--fill-0%2C%20%23F0B38F)%5C%22%20d%3D%5C%22M48.6564%2048.6299C53.9987%2043.2876%2057%2036.0419%2057%2028.4868C57%2020.9316%2053.9987%2013.6859%2048.6564%208.34358C43.3141%203.00128%2036.0684%200%2028.5132%200C20.9581%200%2013.7124%203.00128%208.37005%208.34358H8.34358V8.37005C3.00128%2013.7124%200%2020.9581%200%2028.5132C0%2036.0684%203.00128%2043.3141%208.34358%2048.6564C13.6859%2053.9987%2020.9316%2057%2028.4868%2057C36.0419%2057%2043.2876%2053.9987%2048.63%2048.6564V48.6247L48.6564%2048.6299Z%5C%22%3E%22%2C%22value%22%3A%5B%22VIOLATION%22%2C%22POTENTIAL%22%5D%2C%22reasonId%22%3A%22potential_in_use%22%2C%22ruleId%22%3A%22element_id_unique%22%2C%22messageArgs%22%3A%5B%22path%22%2C%22Vector%22%5D%7D
Thérapeute en relation d'aide à Montréal et en ligne - Abigaïl Leconte,https://abigailtherapeute.com/,scan_3,2962725823,Needs review,3,HTML specification,NA,element_id_unique,"The <path> element has the id ""Vector"" that is already in use",path,"<path id=""Vector"" fill=""var(--fill-0, #7A0081)"" d=""M33.2912 33.2731C36.9465 29.6179 39 24.6603 39 19.4909C39 14.3216 36.9465 9.36403 33.2912 5.70877C29.636 2.0535 24.6784 0 19.5091 0C14.3397 0 9.38214 2.0535 5.72688 5.70877H5.70877V5.72688C2.0535 9.38214 0 14.3397 0 19.5091C0 24.6784 2.0535 29.636 5.70877 33.2912C9.36403 36.9465 14.3216 39 19.4909 39C24.6603 39 29.6179 36.9465 33.2731 33.2912V33.2695L33.2912 33.2731Z"">",/html[1]/body[1]/div[1]/div[1]/main[1]/section[2]/div[1]/div[3]/div[2]/a[1]/div[1]/div[3]/svg[1]/path[1],https://unpkg.com/accessibility-checker-engine@4.0.12/help/en-US/element_id_unique.html#%7B%22message%22%3A%22The%20%3Cpath%3E%20element%20has%20the%20id%20%5C%22Vector%5C%22%20that%20is%20already%20in%20use%22%2C%22snippet%22%3A%22%3Cpath%20id%3D%5C%22Vector%5C%22%20fill%3D%5C%22var(--fill-0%2C%20%237A0081)%5C%22%20d%3D%5C%22M33.2912%2033.2731C36.9465%2029.6179%2039%2024.6603%2039%2019.4909C39%2014.3216%2036.9465%209.36403%2033.2912%205.70877C29.636%202.0535%2024.6784%200%2019.5091%200C14.3397%200%209.38214%202.0535%205.72688%205.70877H5.70877V5.72688C2.0535%209.38214%200%2014.3397%200%2019.5091C0%2024.6784%202.0535%2029.636%205.70877%2033.2912C9.36403%2036.9465%2014.3216%2039%2019.4909%2039C24.6603%2039%2029.6179%2036.9465%2033.2731%2033.2912V33.2695L33.2912%2033.2731Z%5C%22%3E%22%2C%22value%22%3A%5B%22VIOLATION%22%2C%22POTENTIAL%22%5D%2C%22reasonId%22%3A%22potential_in_use%22%2C%22ruleId%22%3A%22element_id_unique%22%2C%22messageArgs%22%3A%5B%22path%22%2C%22Vector%22%5D%7D
Thérapeute en relation d'aide à Montréal et en ligne - Abigaïl Leconte,https://abigailtherapeute.com/,scan_3,3854662103,Needs review,3,HTML specification,NA,element_id_unique,"The <g> element has the id ""Vector"" that is already in use",g,"<g id=""Vector"">",/html[1]/body[1]/div[1]/div[1]/main[1]/section[2]/div[1]/div[3]/div[2]/a[1]/div[2]/div[1]/div[1]/svg[1]/g[1],https://unpkg.com/accessibility-checker-engine@4.0.12/help/en-US/element_id_unique.html#%7B%22message%22%3A%22The%20%3Cg%3E%20element%20has%20the%20id%20%5C%22Vector%5C%22%20that%20is%20already%20in%20use%22%2C%22snippet%22%3A%22%3Cg%20id%3D%5C%22Vector%5C%22%3E%22%2C%22value%22%3A%5B%22VIOLATION%22%2C%22POTENTIAL%22%5D%2C%22reasonId%22%3A%22potential_in_use%22%2C%22ruleId%22%3A%22element_id_unique%22%2C%22messageArgs%22%3A%5B%22g%22%2C%22Vector%22%5D%7D
Thérapeute en relation d'aide à Montréal et en ligne - Abigaïl Leconte,https://abigailtherapeute.com/,scan_3,242500316,Needs review,3,HTML specification,NA,element_id_unique,"The <path> element has the id ""Vector"" that is already in use",path,"<path id=""Vector"" fill=""var(--fill-0, #F0B38F)"" d=""M48.6564 48.6299C53.9987 43.2876 57 36.0419 57 28.4868C57 20.9316 53.9987 13.6859 48.6564 8.34358C43.3141 3.00128 36.0684 0 28.5132 0C20.9581 0 13.7124 3.00128 8.37005 8.34358H8.34358V8.37005C3.00128 13.7124 0 20.9581 0 28.5132C0 36.0684 3.00128 43.3141 8.34358 48.6564C13.6859 53.9987 20.9316 57 28.4868 57C36.0419 57 43.2876 53.9987 48.63 48.6564V48.6247L48.6564 48.6299Z"">",/html[1]/body[1]/div[1]/div[1]/main[1]/section[2]/div[1]/div[3]/div[3]/a[1]/div[1]/div[1]/svg[1]/path[1],https://unpkg.com/accessibility-checker-engine@4.0.12/help/en-US/element_id_unique.html#%7B%22message%22%3A%22The%20%3Cpath%3E%20element%20has%20the%20id%20%5C%22Vector%5C%22%20that%20is%20already%20in%20use%22%2C%22snippet%22%3A%22%3Cpath%20id%3D%5C%22Vector%5C%22%20fill%3D%5C%22var(--fill-0%2C%20%23F0B38F)%5C%22%20d%3D%5C%22M48.6564%2048.6299C53.9987%2043.2876%2057%2036.0419%2057%2028.4868C57%2020.9316%2053.9987%2013.6859%2048.6564%208.34358C43.3141%203.00128%2036.0684%200%2028.5132%200C20.9581%200%2013.7124%203.00128%208.37005%208.34358H8.34358V8.37005C3.00128%2013.7124%200%2020.9581%200%2028.5132C0%2036.0684%203.00128%2043.3141%208.34358%2048.6564C13.6859%2053.9987%2020.9316%2057%2028.4868%2057C36.0419%2057%2043.2876%2053.9987%2048.63%2048.6564V48.6247L48.6564%2048.6299Z%5C%22%3E%22%2C%22value%22%3A%5B%22VIOLATION%22%2C%22POTENTIAL%22%5D%2C%22reasonId%22%3A%22potential_in_use%22%2C%22ruleId%22%3A%22element_id_unique%22%2C%22messageArgs%22%3A%5B%22path%22%2C%22Vector%22%5D%7D
Thérapeute en relation d'aide à Montréal et en ligne - Abigaïl Leconte,https://abigailtherapeute.com/,scan_3,1897470174,Needs review,3,HTML specification,NA,element_id_unique,"The <path> element has the id ""Vector"" that is already in use",path,"<path id=""Vector"" fill=""var(--fill-0, #7A0081)"" d=""M33.2912 33.2731C36.9465 29.6179 39 24.6603 39 19.4909C39 14.3216 36.9465 9.36403 33.2912 5.70877C29.636 2.0535 24.6784 0 19.5091 0C14.3397 0 9.38214 2.0535 5.72688 5.70877H5.70877V5.72688C2.0535 9.38214 0 14.3397 0 19.5091C0 24.6784 2.0535 29.636 5.70877 33.2912C9.36403 36.9465 14.3216 39 19.4909 39C24.6603 39 29.6179 36.9465 33.2731 33.2912V33.2695L33.2912 33.2731Z"">",/html[1]/body[1]/div[1]/div[1]/main[1]/section[2]/div[1]/div[3]/div[3]/a[1]/div[1]/div[3]/svg[1]/path[1],https://unpkg.com/accessibility-checker-engine@4.0.12/help/en-US/element_id_unique.html#%7B%22message%22%3A%22The%20%3Cpath%3E%20element%20has%20the%20id%20%5C%22Vector%5C%22%20that%20is%20already%20in%20use%22%2C%22snippet%22%3A%22%3Cpath%20id%3D%5C%22Vector%5C%22%20fill%3D%5C%22var(--fill-0%2C%20%237A0081)%5C%22%20d%3D%5C%22M33.2912%2033.2731C36.9465%2029.6179%2039%2024.6603%2039%2019.4909C39%2014.3216%2036.9465%209.36403%2033.2912%205.70877C29.636%202.0535%2024.6784%200%2019.5091%200C14.3397%200%209.38214%202.0535%205.72688%205.70877H5.70877V5.72688C2.0535%209.38214%200%2014.3397%200%2019.5091C0%2024.6784%202.0535%2029.636%205.70877%2033.2912C9.36403%2036.9465%2014.3216%2039%2019.4909%2039C24.6603%2039%2029.6179%2036.9465%2033.2731%2033.2912V33.2695L33.2912%2033.2731Z%5C%22%3E%22%2C%22value%22%3A%5B%22VIOLATION%22%2C%22POTENTIAL%22%5D%2C%22reasonId%22%3A%22potential_in_use%22%2C%22ruleId%22%3A%22element_id_unique%22%2C%22messageArgs%22%3A%5B%22path%22%2C%22Vector%22%5D%7D
Thérapeute en relation d'aide à Montréal et en ligne - Abigaïl Leconte,https://abigailtherapeute.com/,scan_3,3596039414,Needs review,3,HTML specification,NA,element_id_unique,"The <g> element has the id ""Vector"" that is already in use",g,"<g id=""Vector"">",/html[1]/body[1]/div[1]/div[1]/main[1]/section[2]/div[1]/div[3]/div[3]/a[1]/div[2]/div[1]/div[1]/svg[1]/g[1],https://unpkg.com/accessibility-checker-engine@4.0.12/help/en-US/element_id_unique.html#%7B%22message%22%3A%22The%20%3Cg%3E%20element%20has%20the%20id%20%5C%22Vector%5C%22%20that%20is%20already%20in%20use%22%2C%22snippet%22%3A%22%3Cg%20id%3D%5C%22Vector%5C%22%3E%22%2C%22value%22%3A%5B%22VIOLATION%22%2C%22POTENTIAL%22%5D%2C%22reasonId%22%3A%22potential_in_use%22%2C%22ruleId%22%3A%22element_id_unique%22%2C%22messageArgs%22%3A%5B%22g%22%2C%22Vector%22%5D%7D
Thérapeute en relation d'aide à Montréal et en ligne - Abigaïl Leconte,https://abigailtherapeute.com/,scan_3,1760373779,Needs review,1,1.4.3 Contrast (Minimum),AA,text_contrast_sufficient,The foreground text and its background color are both detected as #f7f7f7. Verify the text meets the WCAG AA requirements for minimum contrast,a,"<a data-discover=""true"" href=""/therapie"" class=""inline-block border-2 border-[#0a648e] text-[#0a648e] px-8 py-3 rounded-full font-semibold font-manrope text-[18px] hover:bg-[#CEE0E8] transition-colors"">",/html[1]/body[1]/div[1]/div[1]/main[1]/section[2]/div[1]/div[4]/div[1]/a[1],https://unpkg.com/accessibility-checker-engine@4.0.12/help/en-US/text_contrast_sufficient.html#%7B%22message%22%3A%22The%20foreground%20text%20and%20its%20background%20color%20are%20both%20detected%20as%20%23f7f7f7.%20Verify%20the%20text%20meets%20the%20WCAG%20AA%20requirements%20for%20minimum%20contrast%22%2C%22snippet%22%3A%22%3Ca%20data-discover%3D%5C%22true%5C%22%20href%3D%5C%22%2Ftherapie%5C%22%20class%3D%5C%22inline-block%20border-2%20border-%5B%230a648e%5D%20text-%5B%230a648e%5D%20px-8%20py-3%20rounded-full%20font-semibold%20font-manrope%20text-%5B18px%5D%20hover%3Abg-%5B%23CEE0E8%5D%20transition-colors%5C%22%3E%22%2C%22value%22%3A%5B%22VIOLATION%22%2C%22POTENTIAL%22%5D%2C%22reasonId%22%3A%22potential_same_color%22%2C%22ruleId%22%3A%22text_contrast_sufficient%22%2C%22messageArgs%22%3A%5B%221.00%22%2C18%2C600%2C%22%23f7f7f7%22%2C%22%23f7f7f7%22%2Cfalse%2Cfalse%5D%7D
Thérapeute en relation d'aide à Montréal et en ligne - Abigaïl Leconte,https://abigailtherapeute.com/,scan_3,4249067791,Needs review,1,1.4.3 Contrast (Minimum),AA,text_contrast_sufficient,The foreground text and its background color are both detected as #ffffff. Verify the text meets the WCAG AA requirements for minimum contrast,h2,"<h2 class=""font-playfair text-[44px] leading-[48px] sm:text-[54px] sm:leading-[58px] text-[#7a0081] font-semibold text-center mb-12"">",/html[1]/body[1]/div[1]/div[1]/main[1]/section[3]/div[1]/div[1]/h2[1],https://unpkg.com/accessibility-checker-engine@4.0.12/help/en-US/text_contrast_sufficient.html#%7B%22message%22%3A%22The%20foreground%20text%20and%20its%20background%20color%20are%20both%20detected%20as%20%23ffffff.%20Verify%20the%20text%20meets%20the%20WCAG%20AA%20requirements%20for%20minimum%20contrast%22%2C%22snippet%22%3A%22%3Ch2%20class%3D%5C%22font-playfair%20text-%5B44px%5D%20leading-%5B48px%5D%20sm%3Atext-%5B54px%5D%20sm%3Aleading-%5B58px%5D%20text-%5B%237a0081%5D%20font-semibold%20text-center%20mb-12%5C%22%3E%22%2C%22value%22%3A%5B%22VIOLATION%22%2C%22POTENTIAL%22%5D%2C%22reasonId%22%3A%22potential_same_color%22%2C%22ruleId%22%3A%22text_contrast_sufficient%22%2C%22messageArgs%22%3A%5B%221.00%22%2C54%2C600%2C%22%23ffffff%22%2C%22%23ffffff%22%2Cfalse%2Cfalse%5D%7D
Thérapeute en relation d'aide à Montréal et en ligne - Abigaïl Leconte,https://abigailtherapeute.com/,scan_3,3533350757,Needs review,1,1.4.3 Contrast (Minimum),AA,text_contrast_sufficient,The foreground text and its background color are both detected as #ffffff. Verify the text meets the WCAG AA requirements for minimum contrast,p,"<p class=""font-manrope text-[21px] text-[#220224] max-w-4xl mx-auto"">",/html[1]/body[1]/div[1]/div[1]/main[1]/section[3]/div[1]/div[1]/p[1],https://unpkg.com/accessibility-checker-engine@4.0.12/help/en-US/text_contrast_sufficient.html#%7B%22message%22%3A%22The%20foreground%20text%20and%20its%20background%20color%20are%20both%20detected%20as%20%23ffffff.%20Verify%20the%20text%20meets%20the%20WCAG%20AA%20requirements%20for%20minimum%20contrast%22%2C%22snippet%22%3A%22%3Cp%20class%3D%5C%22font-manrope%20text-%5B21px%5D%20text-%5B%23220224%5D%20max-w-4xl%20mx-auto%5C%22%3E%22%2C%22value%22%3A%5B%22VIOLATION%22%2C%22POTENTIAL%22%5D%2C%22reasonId%22%3A%22potential_same_color%22%2C%22ruleId%22%3A%22text_contrast_sufficient%22%2C%22messageArgs%22%3A%5B%221.00%22%2C21%2C400%2C%22%23ffffff%22%2C%22%23ffffff%22%2Cfalse%2Cfalse%5D%7D
Thérapeute en relation d'aide à Montréal et en ligne - Abigaïl Leconte,https://abigailtherapeute.com/,scan_3,2327829734,Needs review,1,1.4.3 Contrast (Minimum),AA,text_contrast_sufficient,The foreground text and its background color are both detected as #ffffff. Verify the text meets the WCAG AA requirements for minimum contrast,p,"<p class=""font-manrope text-[18px] text-[#220224] leading-relaxed"">",/html[1]/body[1]/div[1]/div[1]/main[1]/section[3]/div[1]/div[2]/div[1]/div[1]/p[1],https://unpkg.com/accessibility-checker-engine@4.0.12/help/en-US/text_contrast_sufficient.html#%7B%22message%22%3A%22The%20foreground%20text%20and%20its%20background%20color%20are%20both%20detected%20as%20%23ffffff.%20Verify%20the%20text%20meets%20the%20WCAG%20AA%20requirements%20for%20minimum%20contrast%22%2C%22snippet%22%3A%22%3Cp%20class%3D%5C%22font-manrope%20text-%5B18px%5D%20text-%5B%23220224%5D%20leading-relaxed%5C%22%3E%22%2C%22value%22%3A%5B%22VIOLATION%22%2C%22POTENTIAL%22%5D%2C%22reasonId%22%3A%22potential_same_color%22%2C%22ruleId%22%3A%22text_contrast_sufficient%22%2C%22messageArgs%22%3A%5B%221.00%22%2C18%2C400%2C%22%23ffffff%22%2C%22%23ffffff%22%2Cfalse%2Cfalse%5D%7D
Thérapeute en relation d'aide à Montréal et en ligne - Abigaïl Leconte,https://abigailtherapeute.com/,scan_3,1016466253,Needs review,1,1.4.3 Contrast (Minimum),AA,text_contrast_sufficient,The foreground text and its background color are both detected as #ffffff. Verify the text meets the WCAG AA requirements for minimum contrast,strong,<strong>,/html[1]/body[1]/div[1]/div[1]/main[1]/section[3]/div[1]/div[2]/div[1]/div[1]/p[1]/strong[1],https://unpkg.com/accessibility-checker-engine@4.0.12/help/en-US/text_contrast_sufficient.html#%7B%22message%22%3A%22The%20foreground%20text%20and%20its%20background%20color%20are%20both%20detected%20as%20%23ffffff.%20Verify%20the%20text%20meets%20the%20WCAG%20AA%20requirements%20for%20minimum%20contrast%22%2C%22snippet%22%3A%22%3Cstrong%3E%22%2C%22value%22%3A%5B%22VIOLATION%22%2C%22POTENTIAL%22%5D%2C%22reasonId%22%3A%22potential_same_color%22%2C%22ruleId%22%3A%22text_contrast_sufficient%22%2C%22messageArgs%22%3A%5B%221.00%22%2C18%2C700%2C%22%23ffffff%22%2C%22%23ffffff%22%2Cfalse%2Cfalse%5D%7D
Thérapeute en relation d'aide à Montréal et en ligne - Abigaïl Leconte,https://abigailtherapeute.com/,scan_3,243034085,Needs review,1,1.4.3 Contrast (Minimum),AA,text_contrast_sufficient,The foreground text and its background color are both detected as #ffffff. Verify the text meets the WCAG AA requirements for minimum contrast,p,"<p class=""font-manrope text-[18px] text-[#220224] leading-relaxed"">",/html[1]/body[1]/div[1]/div[1]/main[1]/section[3]/div[1]/div[2]/div[2]/div[1]/p[1],https://unpkg.com/accessibility-checker-engine@4.0.12/help/en-US/text_contrast_sufficient.html#%7B%22message%22%3A%22The%20foreground%20text%20and%20its%20background%20color%20are%20both%20detected%20as%20%23ffffff.%20Verify%20the%20text%20meets%20the%20WCAG%20AA%20requirements%20for%20minimum%20contrast%22%2C%22snippet%22%3A%22%3Cp%20class%3D%5C%22font-manrope%20text-%5B18px%5D%20text-%5B%23220224%5D%20leading-relaxed%5C%22%3E%22%2C%22value%22%3A%5B%22VIOLATION%22%2C%22POTENTIAL%22%5D%2C%22reasonId%22%3A%22potential_same_color%22%2C%22ruleId%22%3A%22text_contrast_sufficient%22%2C%22messageArgs%22%3A%5B%221.00%22%2C18%2C400%2C%22%23ffffff%22%2C%22%23ffffff%22%2Cfalse%2Cfalse%5D%7D
Thérapeute en relation d'aide à Montréal et en ligne - Abigaïl Leconte,https://abigailtherapeute.com/,scan_3,1935426126,Needs review,1,1.4.3 Contrast (Minimum),AA,text_contrast_sufficient,The foreground text and its background color are both detected as #ffffff. Verify the text meets the WCAG AA requirements for minimum contrast,strong,<strong>,/html[1]/body[1]/div[1]/div[1]/main[1]/section[3]/div[1]/div[2]/div[2]/div[1]/p[1]/strong[1],https://unpkg.com/accessibility-checker-engine@4.0.12/help/en-US/text_contrast_sufficient.html#%7B%22message%22%3A%22The%20foreground%20text%20and%20its%20background%20color%20are%20both%20detected%20as%20%23ffffff.%20Verify%20the%20text%20meets%20the%20WCAG%20AA%20requirements%20for%20minimum%20contrast%22%2C%22snippet%22%3A%22%3Cstrong%3E%22%2C%22value%22%3A%5B%22VIOLATION%22%2C%22POTENTIAL%22%5D%2C%22reasonId%22%3A%22potential_same_color%22%2C%22ruleId%22%3A%22text_contrast_sufficient%22%2C%22messageArgs%22%3A%5B%221.00%22%2C18%2C700%2C%22%23ffffff%22%2C%22%23ffffff%22%2Cfalse%2Cfalse%5D%7D
Thérapeute en relation d'aide à Montréal et en ligne - Abigaïl Leconte,https://abigailtherapeute.com/,scan_3,3214822628,Needs review,1,1.4.3 Contrast (Minimum),AA,text_contrast_sufficient,The foreground text and its background color are both detected as #ffffff. Verify the text meets the WCAG AA requirements for minimum contrast,p,"<p class=""font-manrope text-[18px] text-[#220224] leading-relaxed"">",/html[1]/body[1]/div[1]/div[1]/main[1]/section[3]/div[1]/div[2]/div[3]/div[1]/p[1],https://unpkg.com/accessibility-checker-engine@4.0.12/help/en-US/text_contrast_sufficient.html#%7B%22message%22%3A%22The%20foreground%20text%20and%20its%20background%20color%20are%20both%20detected%20as%20%23ffffff.%20Verify%20the%20text%20meets%20the%20WCAG%20AA%20requirements%20for%20minimum%20contrast%22%2C%22snippet%22%3A%22%3Cp%20class%3D%5C%22font-manrope%20text-%5B18px%5D%20text-%5B%23220224%5D%20leading-relaxed%5C%22%3E%22%2C%22value%22%3A%5B%22VIOLATION%22%2C%22POTENTIAL%22%5D%2C%22reasonId%22%3A%22potential_same_color%22%2C%22ruleId%22%3A%22text_contrast_sufficient%22%2C%22messageArgs%22%3A%5B%221.00%22%2C18%2C400%2C%22%23ffffff%22%2C%22%23ffffff%22%2Cfalse%2Cfalse%5D%7D
Thérapeute en relation d'aide à Montréal et en ligne - Abigaïl Leconte,https://abigailtherapeute.com/,scan_3,2117131087,Needs review,1,1.4.3 Contrast (Minimum),AA,text_contrast_sufficient,The foreground text and its background color are both detected as #ffffff. Verify the text meets the WCAG AA requirements for minimum contrast,strong,<strong>,/html[1]/body[1]/div[1]/div[1]/main[1]/section[3]/div[1]/div[2]/div[3]/div[1]/p[1]/strong[1],https://unpkg.com/accessibility-checker-engine@4.0.12/help/en-US/text_contrast_sufficient.html#%7B%22message%22%3A%22The%20foreground%20text%20and%20its%20background%20color%20are%20both%20detected%20as%20%23ffffff.%20Verify%20the%20text%20meets%20the%20WCAG%20AA%20requirements%20for%20minimum%20contrast%22%2C%22snippet%22%3A%22%3Cstrong%3E%22%2C%22value%22%3A%5B%22VIOLATION%22%2C%22POTENTIAL%22%5D%2C%22reasonId%22%3A%22potential_same_color%22%2C%22ruleId%22%3A%22text_contrast_sufficient%22%2C%22messageArgs%22%3A%5B%221.00%22%2C18%2C700%2C%22%23ffffff%22%2C%22%23ffffff%22%2Cfalse%2Cfalse%5D%7D
Thérapeute en relation d'aide à Montréal et en ligne - Abigaïl Leconte,https://abigailtherapeute.com/,scan_3,4292082659,Needs review,1,1.4.3 Contrast (Minimum),AA,text_contrast_sufficient,The foreground text and its background color are both detected as #ffffff. Verify the text meets the WCAG AA requirements for minimum contrast,p,"<p class=""font-manrope text-[18px] text-[#220224] leading-relaxed"">",/html[1]/body[1]/div[1]/div[1]/main[1]/section[3]/div[1]/div[2]/div[4]/div[1]/p[1],https://unpkg.com/accessibility-checker-engine@4.0.12/help/en-US/text_contrast_sufficient.html#%7B%22message%22%3A%22The%20foreground%20text%20and%20its%20background%20color%20are%20both%20detected%20as%20%23ffffff.%20Verify%20the%20text%20meets%20the%20WCAG%20AA%20requirements%20for%20minimum%20contrast%22%2C%22snippet%22%3A%22%3Cp%20class%3D%5C%22font-manrope%20text-%5B18px%5D%20text-%5B%23220224%5D%20leading-relaxed%5C%22%3E%22%2C%22value%22%3A%5B%22VIOLATION%22%2C%22POTENTIAL%22%5D%2C%22reasonId%22%3A%22potential_same_color%22%2C%22ruleId%22%3A%22text_contrast_sufficient%22%2C%22messageArgs%22%3A%5B%221.00%22%2C18%2C400%2C%22%23ffffff%22%2C%22%23ffffff%22%2Cfalse%2Cfalse%5D%7D
Thérapeute en relation d'aide à Montréal et en ligne - Abigaïl Leconte,https://abigailtherapeute.com/,scan_3,445478472,Needs review,1,1.4.3 Contrast (Minimum),AA,text_contrast_sufficient,The foreground text and its background color are both detected as #ffffff. Verify the text meets the WCAG AA requirements for minimum contrast,strong,<strong>,/html[1]/body[1]/div[1]/div[1]/main[1]/section[3]/div[1]/div[2]/div[4]/div[1]/p[1]/strong[1],https://unpkg.com/accessibility-checker-engine@4.0.12/help/en-US/text_contrast_sufficient.html#%7B%22message%22%3A%22The%20foreground%20text%20and%20its%20background%20color%20are%20both%20detected%20as%20%23ffffff.%20Verify%20the%20text%20meets%20the%20WCAG%20AA%20requirements%20for%20minimum%20contrast%22%2C%22snippet%22%3A%22%3Cstrong%3E%22%2C%22value%22%3A%5B%22VIOLATION%22%2C%22POTENTIAL%22%5D%2C%22reasonId%22%3A%22potential_same_color%22%2C%22ruleId%22%3A%22text_contrast_sufficient%22%2C%22messageArgs%22%3A%5B%221.00%22%2C18%2C700%2C%22%23ffffff%22%2C%22%23ffffff%22%2Cfalse%2Cfalse%5D%7D
Thérapeute en relation d'aide à Montréal et en ligne - Abigaïl Leconte,https://abigailtherapeute.com/,scan_3,931547752,Needs review,1,1.4.3 Contrast (Minimum),AA,text_contrast_sufficient,The foreground text and its background color are both detected as #edefeb. Verify the text meets the WCAG AA requirements for minimum contrast,h2,"<h2 class=""font-playfair text-[44px] leading-[48px] sm:text-[54px] sm:leading-[58px] text-[#7a0081] font-semibold text-center mb-12 mb-[24px]"">",/html[1]/body[1]/div[1]/div[1]/main[1]/section[4]/div[1]/div[1]/h2[1],https://unpkg.com/accessibility-checker-engine@4.0.12/help/en-US/text_contrast_sufficient.html#%7B%22message%22%3A%22The%20foreground%20text%20and%20its%20background%20color%20are%20both%20detected%20as%20%23edefeb.%20Verify%20the%20text%20meets%20the%20WCAG%20AA%20requirements%20for%20minimum%20contrast%22%2C%22snippet%22%3A%22%3Ch2%20class%3D%5C%22font-playfair%20text-%5B44px%5D%20leading-%5B48px%5D%20sm%3Atext-%5B54px%5D%20sm%3Aleading-%5B58px%5D%20text-%5B%237a0081%5D%20font-semibold%20text-center%20mb-12%20mb-%5B24px%5D%5C%22%3E%22%2C%22value%22%3A%5B%22VIOLATION%22%2C%22POTENTIAL%22%5D%2C%22reasonId%22%3A%22potential_same_color%22%2C%22ruleId%22%3A%22text_contrast_sufficient%22%2C%22messageArgs%22%3A%5B%221.00%22%2C54%2C600%2C%22%23edefeb%22%2C%22%23edefeb%22%2Cfalse%2Cfalse%5D%7D
Thérapeute en relation d'aide à Montréal et en ligne - Abigaïl Leconte,https://abigailtherapeute.com/,scan_3,4231248915,Needs review,1,1.3.1 Info and Relationships,A,text_block_heading,"Confirm this text '«' is used as a heading and if so, modify to use a heading element or role",div,"<div class=""flex flex-row w-full h-full"">",/html[1]/body[1]/div[1]/div[1]/main[1]/section[4]/div[1]/div[2]/div[1]/div[1]/div[1],https://unpkg.com/accessibility-checker-engine@4.0.12/help/en-US/text_block_heading.html#%7B%22message%22%3A%22Confirm%20this%20text%20'%C2%AB'%20is%20used%20as%20a%20heading%20and%20if%20so%2C%20modify%20to%20use%20a%20heading%20element%20or%20role%22%2C%22snippet%22%3A%22%3Cdiv%20class%3D%5C%22flex%20flex-row%20w-full%20h-full%5C%22%3E%22%2C%22value%22%3A%5B%22VIOLATION%22%2C%22POTENTIAL%22%5D%2C%22reasonId%22%3A%22potential_heading%22%2C%22ruleId%22%3A%22text_block_heading%22%2C%22messageArgs%22%3A%5B%22%C2%AB%22%5D%7D
Thérapeute en relation d'aide à Montréal et en ligne - Abigaïl Leconte,https://abigailtherapeute.com/,scan_3,523530416,Needs review,1,1.3.1 Info and Relationships,A,text_block_heading,"Confirm this text '«' is used as a heading and if so, modify to use a heading element or role",div,"<div class=""font-playfair text-[3rem] text-[#0a648e] leading-none shrink-0"">",/html[1]/body[1]/div[1]/div[1]/main[1]/section[4]/div[1]/div[2]/div[1]/div[1]/div[1]/div[1],https://unpkg.com/accessibility-checker-engine@4.0.12/help/en-US/text_block_heading.html#%7B%22message%22%3A%22Confirm%20this%20text%20'%C2%AB'%20is%20used%20as%20a%20heading%20and%20if%20so%2C%20modify%20to%20use%20a%20heading%20element%20or%20role%22%2C%22snippet%22%3A%22%3Cdiv%20class%3D%5C%22font-playfair%20text-%5B3rem%5D%20text-%5B%230a648e%5D%20leading-none%20shrink-0%5C%22%3E%22%2C%22value%22%3A%5B%22VIOLATION%22%2C%22POTENTIAL%22%5D%2C%22reasonId%22%3A%22potential_heading%22%2C%22ruleId%22%3A%22text_block_heading%22%2C%22messageArgs%22%3A%5B%22%C2%AB%22%5D%7D
Thérapeute en relation d'aide à Montréal et en ligne - Abigaïl Leconte,https://abigailtherapeute.com/,scan_3,2093168002,Needs review,1,1.4.3 Contrast (Minimum),AA,text_contrast_sufficient,The foreground text and its background color are both detected as #edefeb. Verify the text meets the WCAG AA requirements for minimum contrast,p,"<p class=""font-manrope text-[18px] text-[#220224] leading-relaxed"">",/html[1]/body[1]/div[1]/div[1]/main[1]/section[4]/div[1]/div[2]/div[1]/div[1]/div[1]/div[2]/p[1],https://unpkg.com/accessibility-checker-engine@4.0.12/help/en-US/text_contrast_sufficient.html#%7B%22message%22%3A%22The%20foreground%20text%20and%20its%20background%20color%20are%20both%20detected%20as%20%23edefeb.%20Verify%20the%20text%20meets%20the%20WCAG%20AA%20requirements%20for%20minimum%20contrast%22%2C%22snippet%22%3A%22%3Cp%20class%3D%5C%22font-manrope%20text-%5B18px%5D%20text-%5B%23220224%5D%20leading-relaxed%5C%22%3E%22%2C%22value%22%3A%5B%22VIOLATION%22%2C%22POTENTIAL%22%5D%2C%22reasonId%22%3A%22potential_same_color%22%2C%22ruleId%22%3A%22text_contrast_sufficient%22%2C%22messageArgs%22%3A%5B%221.00%22%2C18%2C400%2C%22%23edefeb%22%2C%22%23edefeb%22%2Cfalse%2Cfalse%5D%7D
Thérapeute en relation d'aide à Montréal et en ligne - Abigaïl Leconte,https://abigailtherapeute.com/,scan_3,2680213490,Needs review,1,1.3.1 Info and Relationships,A,text_block_heading,"Confirm this text '»' is used as a heading and if so, modify to use a heading element or role",div,"<div class=""font-playfair text-[3rem] text-[#0a648e] leading-none shrink-0 self-end"">",/html[1]/body[1]/div[1]/div[1]/main[1]/section[4]/div[1]/div[2]/div[1]/div[1]/div[1]/div[3],https://unpkg.com/accessibility-checker-engine@4.0.12/help/en-US/text_block_heading.html#%7B%22message%22%3A%22Confirm%20this%20text%20'%C2%BB'%20is%20used%20as%20a%20heading%20and%20if%20so%2C%20modify%20to%20use%20a%20heading%20element%20or%20role%22%2C%22snippet%22%3A%22%3Cdiv%20class%3D%5C%22font-playfair%20text-%5B3rem%5D%20text-%5B%230a648e%5D%20leading-none%20shrink-0%20self-end%5C%22%3E%22%2C%22value%22%3A%5B%22VIOLATION%22%2C%22POTENTIAL%22%5D%2C%22reasonId%22%3A%22potential_heading%22%2C%22ruleId%22%3A%22text_block_heading%22%2C%22messageArgs%22%3A%5B%22%C2%BB%22%5D%7D
Thérapeute en relation d'aide à Montréal et en ligne - Abigaïl Leconte,https://abigailtherapeute.com/,scan_3,2883081040,Needs review,1,1.3.1 Info and Relationships,A,text_block_heading,"Confirm this text '«' is used as a heading and if so, modify to use a heading element or role",div,"<div class=""flex flex-row w-full h-full"">",/html[1]/body[1]/div[1]/div[1]/main[1]/section[4]/div[1]/div[2]/div[2]/div[1]/div[1],https://unpkg.com/accessibility-checker-engine@4.0.12/help/en-US/text_block_heading.html#%7B%22message%22%3A%22Confirm%20this%20text%20'%C2%AB'%20is%20used%20as%20a%20heading%20and%20if%20so%2C%20modify%20to%20use%20a%20heading%20element%20or%20role%22%2C%22snippet%22%3A%22%3Cdiv%20class%3D%5C%22flex%20flex-row%20w-full%20h-full%5C%22%3E%22%2C%22value%22%3A%5B%22VIOLATION%22%2C%22POTENTIAL%22%5D%2C%22reasonId%22%3A%22potential_heading%22%2C%22ruleId%22%3A%22text_block_heading%22%2C%22messageArgs%22%3A%5B%22%C2%AB%22%5D%7D
Thérapeute en relation d'aide à Montréal et en ligne - Abigaïl Leconte,https://abigailtherapeute.com/,scan_3,386371315,Needs review,1,1.3.1 Info and Relationships,A,text_block_heading,"Confirm this text '«' is used as a heading and if so, modify to use a heading element or role",div,"<div class=""font-playfair text-[3rem] text-[#0a648e] leading-none shrink-0"">",/html[1]/body[1]/div[1]/div[1]/main[1]/section[4]/div[1]/div[2]/div[2]/div[1]/div[1]/div[1],https://unpkg.com/accessibility-checker-engine@4.0.12/help/en-US/text_block_heading.html#%7B%22message%22%3A%22Confirm%20this%20text%20'%C2%AB'%20is%20used%20as%20a%20heading%20and%20if%20so%2C%20modify%20to%20use%20a%20heading%20element%20or%20role%22%2C%22snippet%22%3A%22%3Cdiv%20class%3D%5C%22font-playfair%20text-%5B3rem%5D%20text-%5B%230a648e%5D%20leading-none%20shrink-0%5C%22%3E%22%2C%22value%22%3A%5B%22VIOLATION%22%2C%22POTENTIAL%22%5D%2C%22reasonId%22%3A%22potential_heading%22%2C%22ruleId%22%3A%22text_block_heading%22%2C%22messageArgs%22%3A%5B%22%C2%AB%22%5D%7D
Thérapeute en relation d'aide à Montréal et en ligne - Abigaïl Leconte,https://abigailtherapeute.com/,scan_3,2104141121,Needs review,1,1.4.3 Contrast (Minimum),AA,text_contrast_sufficient,The foreground text and its background color are both detected as #edefeb. Verify the text meets the WCAG AA requirements for minimum contrast,p,"<p class=""font-manrope text-[18px] text-[#220224] leading-relaxed"">",/html[1]/body[1]/div[1]/div[1]/main[1]/section[4]/div[1]/div[2]/div[2]/div[1]/div[1]/div[2]/p[1],https://unpkg.com/accessibility-checker-engine@4.0.12/help/en-US/text_contrast_sufficient.html#%7B%22message%22%3A%22The%20foreground%20text%20and%20its%20background%20color%20are%20both%20detected%20as%20%23edefeb.%20Verify%20the%20text%20meets%20the%20WCAG%20AA%20requirements%20for%20minimum%20contrast%22%2C%22snippet%22%3A%22%3Cp%20class%3D%5C%22font-manrope%20text-%5B18px%5D%20text-%5B%23220224%5D%20leading-relaxed%5C%22%3E%22%2C%22value%22%3A%5B%22VIOLATION%22%2C%22POTENTIAL%22%5D%2C%22reasonId%22%3A%22potential_same_color%22%2C%22ruleId%22%3A%22text_contrast_sufficient%22%2C%22messageArgs%22%3A%5B%221.00%22%2C18%2C400%2C%22%23edefeb%22%2C%22%23edefeb%22%2Cfalse%2Cfalse%5D%7D
Thérapeute en relation d'aide à Montréal et en ligne - Abigaïl Leconte,https://abigailtherapeute.com/,scan_3,1431295281,Needs review,1,1.3.1 Info and Relationships,A,text_block_heading,"Confirm this text '»' is used as a heading and if so, modify to use a heading element or role",div,"<div class=""font-playfair text-[3rem] text-[#0a648e] leading-none shrink-0 self-end"">",/html[1]/body[1]/div[1]/div[1]/main[1]/section[4]/div[1]/div[2]/div[2]/div[1]/div[1]/div[3],https://unpkg.com/accessibility-checker-engine@4.0.12/help/en-US/text_block_heading.html#%7B%22message%22%3A%22Confirm%20this%20text%20'%C2%BB'%20is%20used%20as%20a%20heading%20and%20if%20so%2C%20modify%20to%20use%20a%20heading%20element%20or%20role%22%2C%22snippet%22%3A%22%3Cdiv%20class%3D%5C%22font-playfair%20text-%5B3rem%5D%20text-%5B%230a648e%5D%20leading-none%20shrink-0%20self-end%5C%22%3E%22%2C%22value%22%3A%5B%22VIOLATION%22%2C%22POTENTIAL%22%5D%2C%22reasonId%22%3A%22potential_heading%22%2C%22ruleId%22%3A%22text_block_heading%22%2C%22messageArgs%22%3A%5B%22%C2%BB%22%5D%7D
Thérapeute en relation d'aide à Montréal et en ligne - Abigaïl Leconte,https://abigailtherapeute.com/,scan_3,3260654353,Needs review,1,1.3.1 Info and Relationships,A,text_block_heading,"Confirm this text '«' is used as a heading and if so, modify to use a heading element or role",div,"<div class=""flex flex-row w-full h-full"">",/html[1]/body[1]/div[1]/div[1]/main[1]/section[4]/div[1]/div[2]/div[3]/div[1]/div[1],https://unpkg.com/accessibility-checker-engine@4.0.12/help/en-US/text_block_heading.html#%7B%22message%22%3A%22Confirm%20this%20text%20'%C2%AB'%20is%20used%20as%20a%20heading%20and%20if%20so%2C%20modify%20to%20use%20a%20heading%20element%20or%20role%22%2C%22snippet%22%3A%22%3Cdiv%20class%3D%5C%22flex%20flex-row%20w-full%20h-full%5C%22%3E%22%2C%22value%22%3A%5B%22VIOLATION%22%2C%22POTENTIAL%22%5D%2C%22reasonId%22%3A%22potential_heading%22%2C%22ruleId%22%3A%22text_block_heading%22%2C%22messageArgs%22%3A%5B%22%C2%AB%22%5D%7D
Thérapeute en relation d'aide à Montréal et en ligne - Abigaïl Leconte,https://abigailtherapeute.com/,scan_3,2140784050,Needs review,1,1.3.1 Info and Relationships,A,text_block_heading,"Confirm this text '«' is used as a heading and if so, modify to use a heading element or role",div,"<div class=""font-playfair text-[3rem] text-[#0a648e] leading-none shrink-0"">",/html[1]/body[1]/div[1]/div[1]/main[1]/section[4]/div[1]/div[2]/div[3]/div[1]/div[1]/div[1],https://unpkg.com/accessibility-checker-engine@4.0.12/help/en-US/text_block_heading.html#%7B%22message%22%3A%22Confirm%20this%20text%20'%C2%AB'%20is%20used%20as%20a%20heading%20and%20if%20so%2C%20modify%20to%20use%20a%20heading%20element%20or%20role%22%2C%22snippet%22%3A%22%3Cdiv%20class%3D%5C%22font-playfair%20text-%5B3rem%5D%20text-%5B%230a648e%5D%20leading-none%20shrink-0%5C%22%3E%22%2C%22value%22%3A%5B%22VIOLATION%22%2C%22POTENTIAL%22%5D%2C%22reasonId%22%3A%22potential_heading%22%2C%22ruleId%22%3A%22text_block_heading%22%2C%22messageArgs%22%3A%5B%22%C2%AB%22%5D%7D
Thérapeute en relation d'aide à Montréal et en ligne - Abigaïl Leconte,https://abigailtherapeute.com/,scan_3,1014086144,Needs review,1,1.4.3 Contrast (Minimum),AA,text_contrast_sufficient,The foreground text and its background color are both detected as #edefeb. Verify the text meets the WCAG AA requirements for minimum contrast,p,"<p class=""font-manrope text-[18px] text-[#220224] leading-relaxed"">",/html[1]/body[1]/div[1]/div[1]/main[1]/section[4]/div[1]/div[2]/div[3]/div[1]/div[1]/div[2]/p[1],https://unpkg.com/accessibility-checker-engine@4.0.12/help/en-US/text_contrast_sufficient.html#%7B%22message%22%3A%22The%20foreground%20text%20and%20its%20background%20color%20are%20both%20detected%20as%20%23edefeb.%20Verify%20the%20text%20meets%20the%20WCAG%20AA%20requirements%20for%20minimum%20contrast%22%2C%22snippet%22%3A%22%3Cp%20class%3D%5C%22font-manrope%20text-%5B18px%5D%20text-%5B%23220224%5D%20leading-relaxed%5C%22%3E%22%2C%22value%22%3A%5B%22VIOLATION%22%2C%22POTENTIAL%22%5D%2C%22reasonId%22%3A%22potential_same_color%22%2C%22ruleId%22%3A%22text_contrast_sufficient%22%2C%22messageArgs%22%3A%5B%221.00%22%2C18%2C400%2C%22%23edefeb%22%2C%22%23edefeb%22%2Cfalse%2Cfalse%5D%7D
Thérapeute en relation d'aide à Montréal et en ligne - Abigaïl Leconte,https://abigailtherapeute.com/,scan_3,712610800,Needs review,1,1.3.1 Info and Relationships,A,text_block_heading,"Confirm this text '»' is used as a heading and if so, modify to use a heading element or role",div,"<div class=""font-playfair text-[3rem] text-[#0a648e] leading-none shrink-0 self-end"">",/html[1]/body[1]/div[1]/div[1]/main[1]/section[4]/div[1]/div[2]/div[3]/div[1]/div[1]/div[3],https://unpkg.com/accessibility-checker-engine@4.0.12/help/en-US/text_block_heading.html#%7B%22message%22%3A%22Confirm%20this%20text%20'%C2%BB'%20is%20used%20as%20a%20heading%20and%20if%20so%2C%20modify%20to%20use%20a%20heading%20element%20or%20role%22%2C%22snippet%22%3A%22%3Cdiv%20class%3D%5C%22font-playfair%20text-%5B3rem%5D%20text-%5B%230a648e%5D%20leading-none%20shrink-0%20self-end%5C%22%3E%22%2C%22value%22%3A%5B%22VIOLATION%22%2C%22POTENTIAL%22%5D%2C%22reasonId%22%3A%22potential_heading%22%2C%22ruleId%22%3A%22text_block_heading%22%2C%22messageArgs%22%3A%5B%22%C2%BB%22%5D%7D
Thérapeute en relation d'aide à Montréal et en ligne - Abigaïl Leconte,https://abigailtherapeute.com/,scan_3,3366967118,Needs review,1,1.4.3 Contrast (Minimum),AA,text_contrast_sufficient,The foreground text and its background color are both detected as #ffffff. Verify the text meets the WCAG AA requirements for minimum contrast,h2,"<h2 class=""font-playfair text-[44px] leading-[48px] sm:text-[54px] sm:leading-[58px] text-white font-semibold mb-6"">",/html[1]/body[1]/div[1]/div[1]/main[1]/div[1]/section[1]/div[1]/div[1]/h2[1],https://unpkg.com/accessibility-checker-engine@4.0.12/help/en-US/text_contrast_sufficient.html#%7B%22message%22%3A%22The%20foreground%20text%20and%20its%20background%20color%20are%20both%20detected%20as%20%23ffffff.%20Verify%20the%20text%20meets%20the%20WCAG%20AA%20requirements%20for%20minimum%20contrast%22%2C%22snippet%22%3A%22%3Ch2%20class%3D%5C%22font-playfair%20text-%5B44px%5D%20leading-%5B48px%5D%20sm%3Atext-%5B54px%5D%20sm%3Aleading-%5B58px%5D%20text-white%20font-semibold%20mb-6%5C%22%3E%22%2C%22value%22%3A%5B%22VIOLATION%22%2C%22POTENTIAL%22%5D%2C%22reasonId%22%3A%22potential_same_color%22%2C%22ruleId%22%3A%22text_contrast_sufficient%22%2C%22messageArgs%22%3A%5B%221.00%22%2C54%2C600%2C%22%23ffffff%22%2C%22%23ffffff%22%2Cfalse%2Cfalse%5D%7D
Thérapeute en relation d'aide à Montréal et en ligne - Abigaïl Leconte,https://abigailtherapeute.com/,scan_3,3948926783,Needs review,1,1.3.1 Info and Relationships,A,text_block_heading,"Confirm this text 'pour les assurances' is used as a heading and if so, modify to use a heading element or role",br,<br>,/html[1]/body[1]/div[1]/div[1]/main[1]/div[1]/section[1]/div[1]/div[1]/h2[1]/br[1],https://unpkg.com/accessibility-checker-engine@4.0.12/help/en-US/text_block_heading.html#%7B%22message%22%3A%22Confirm%20this%20text%20'pour%20les%20assurances'%20is%20used%20as%20a%20heading%20and%20if%20so%2C%20modify%20to%20use%20a%20heading%20element%20or%20role%22%2C%22snippet%22%3A%22%3Cbr%3E%22%2C%22value%22%3A%5B%22VIOLATION%22%2C%22POTENTIAL%22%5D%2C%22reasonId%22%3A%22potential_heading%22%2C%22ruleId%22%3A%22text_block_heading%22%2C%22messageArgs%22%3A%5B%22pour%20les%20assurances%22%5D%7D
Thérapeute en relation d'aide à Montréal et en ligne - Abigaïl Leconte,https://abigailtherapeute.com/,scan_3,2705647901,Needs review,1,1.3.1 Info and Relationships,A,text_block_heading,"Confirm this text 'Thérapie individuelle' is used as a heading and if so, modify to use a heading element or role",p,"<p class=""font-manrope text-[24px] text-white mb-2"">",/html[1]/body[1]/div[1]/div[1]/main[1]/div[1]/section[1]/div[1]/div[1]/p[1],https://unpkg.com/accessibility-checker-engine@4.0.12/help/en-US/text_block_heading.html#%7B%22message%22%3A%22Confirm%20this%20text%20'Th%C3%A9rapie%20individuelle'%20is%20used%20as%20a%20heading%20and%20if%20so%2C%20modify%20to%20use%20a%20heading%20element%20or%20role%22%2C%22snippet%22%3A%22%3Cp%20class%3D%5C%22font-manrope%20text-%5B24px%5D%20text-white%20mb-2%5C%22%3E%22%2C%22value%22%3A%5B%22VIOLATION%22%2C%22POTENTIAL%22%5D%2C%22reasonId%22%3A%22potential_heading%22%2C%22ruleId%22%3A%22text_block_heading%22%2C%22messageArgs%22%3A%5B%22Th%C3%A9rapie%20individuelle%22%5D%7D
Thérapeute en relation d'aide à Montréal et en ligne - Abigaïl Leconte,https://abigailtherapeute.com/,scan_3,938625444,Needs review,1,1.4.3 Contrast (Minimum),AA,text_contrast_sufficient,The foreground text and its background color are both detected as #ffffff. Verify the text meets the WCAG AA requirements for minimum contrast,p,"<p class=""font-manrope text-[24px] text-white mb-2"">",/html[1]/body[1]/div[1]/div[1]/main[1]/div[1]/section[1]/div[1]/div[1]/p[1],https://unpkg.com/accessibility-checker-engine@4.0.12/help/en-US/text_contrast_sufficient.html#%7B%22message%22%3A%22The%20foreground%20text%20and%20its%20background%20color%20are%20both%20detected%20as%20%23ffffff.%20Verify%20the%20text%20meets%20the%20WCAG%20AA%20requirements%20for%20minimum%20contrast%22%2C%22snippet%22%3A%22%3Cp%20class%3D%5C%22font-manrope%20text-%5B24px%5D%20text-white%20mb-2%5C%22%3E%22%2C%22value%22%3A%5B%22VIOLATION%22%2C%22POTENTIAL%22%5D%2C%22reasonId%22%3A%22potential_same_color%22%2C%22ruleId%22%3A%22text_contrast_sufficient%22%2C%22messageArgs%22%3A%5B%221.00%22%2C24%2C400%2C%22%23ffffff%22%2C%22%23ffffff%22%2Cfalse%2Cfalse%5D%7D
Thérapeute en relation d'aide à Montréal et en ligne - Abigaïl Leconte,https://abigailtherapeute.com/,scan_3,1403177982,Needs review,1,1.3.1 Info and Relationships,A,text_block_heading,"Confirm this text '60 min - 100 $' is used as a heading and if so, modify to use a heading element or role",p,"<p class=""font-manrope text-[24px] text-white font-bold mb-8"">",/html[1]/body[1]/div[1]/div[1]/main[1]/div[1]/section[1]/div[1]/div[1]/p[2],https://unpkg.com/accessibility-checker-engine@4.0.12/help/en-US/text_block_heading.html#%7B%22message%22%3A%22Confirm%20this%20text%20'60%20min%20-%20100%20%24'%20is%20used%20as%20a%20heading%20and%20if%20so%2C%20modify%20to%20use%20a%20heading%20element%20or%20role%22%2C%22snippet%22%3A%22%3Cp%20class%3D%5C%22font-manrope%20text-%5B24px%5D%20text-white%20font-bold%20mb-8%5C%22%3E%22%2C%22value%22%3A%5B%22VIOLATION%22%2C%22POTENTIAL%22%5D%2C%22reasonId%22%3A%22potential_heading%22%2C%22ruleId%22%3A%22text_block_heading%22%2C%22messageArgs%22%3A%5B%2260%20min%20-%20100%20%24%22%5D%7D
Thérapeute en relation d'aide à Montréal et en ligne - Abigaïl Leconte,https://abigailtherapeute.com/,scan_3,4135955079,Needs review,1,1.4.3 Contrast (Minimum),AA,text_contrast_sufficient,The foreground text and its background color are both detected as #ffffff. Verify the text meets the WCAG AA requirements for minimum contrast,p,"<p class=""font-manrope text-[24px] text-white font-bold mb-8"">",/html[1]/body[1]/div[1]/div[1]/main[1]/div[1]/section[1]/div[1]/div[1]/p[2],https://unpkg.com/accessibility-checker-engine@4.0.12/help/en-US/text_contrast_sufficient.html#%7B%22message%22%3A%22The%20foreground%20text%20and%20its%20background%20color%20are%20both%20detected%20as%20%23ffffff.%20Verify%20the%20text%20meets%20the%20WCAG%20AA%20requirements%20for%20minimum%20contrast%22%2C%22snippet%22%3A%22%3Cp%20class%3D%5C%22font-manrope%20text-%5B24px%5D%20text-white%20font-bold%20mb-8%5C%22%3E%22%2C%22value%22%3A%5B%22VIOLATION%22%2C%22POTENTIAL%22%5D%2C%22reasonId%22%3A%22potential_same_color%22%2C%22ruleId%22%3A%22text_contrast_sufficient%22%2C%22messageArgs%22%3A%5B%221.00%22%2C24%2C700%2C%22%23ffffff%22%2C%22%23ffffff%22%2Cfalse%2Cfalse%5D%7D
Thérapeute en relation d'aide à Montréal et en ligne - Abigaïl Leconte,https://abigailtherapeute.com/,scan_3,3342490069,Needs review,1,1.4.3 Contrast (Minimum),AA,text_contrast_sufficient,The foreground text and its background color are both detected as #ffffff. Verify the text meets the WCAG AA requirements for minimum contrast,a,"<a data-discover=""true"" href=""/contact"" class=""inline-block bg-[#0a648e] text-white px-8 py-3 rounded-full font-semibold font-manrope text-[18px] hover:bg-[#085274] transition-colors"">",/html[1]/body[1]/div[1]/div[1]/main[1]/div[1]/section[1]/div[1]/div[1]/a[1],https://unpkg.com/accessibility-checker-engine@4.0.12/help/en-US/text_contrast_sufficient.html#%7B%22message%22%3A%22The%20foreground%20text%20and%20its%20background%20color%20are%20both%20detected%20as%20%23ffffff.%20Verify%20the%20text%20meets%20the%20WCAG%20AA%20requirements%20for%20minimum%20contrast%22%2C%22snippet%22%3A%22%3Ca%20data-discover%3D%5C%22true%5C%22%20href%3D%5C%22%2Fcontact%5C%22%20class%3D%5C%22inline-block%20bg-%5B%230a648e%5D%20text-white%20px-8%20py-3%20rounded-full%20font-semibold%20font-manrope%20text-%5B18px%5D%20hover%3Abg-%5B%23085274%5D%20transition-colors%5C%22%3E%22%2C%22value%22%3A%5B%22VIOLATION%22%2C%22POTENTIAL%22%5D%2C%22reasonId%22%3A%22potential_same_color%22%2C%22ruleId%22%3A%22text_contrast_sufficient%22%2C%22messageArgs%22%3A%5B%221.00%22%2C18%2C600%2C%22%23ffffff%22%2C%22%23ffffff%22%2Cfalse%2Cfalse%5D%7D
Thérapeute en relation d'aide à Montréal et en ligne - Abigaïl Leconte,https://abigailtherapeute.com/,scan_3,585012522,Needs review,1,1.4.3 Contrast (Minimum),AA,text_contrast_sufficient,The foreground text and its background color are both detected as #ffffff. Verify the text meets the WCAG AA requirements for minimum contrast,h2,"<h2 class=""font-playfair text-[44px] leading-[48px] sm:text-[54px] sm:leading-[58px] text-[#7a0081] font-semibold text-center mb-12"">",/html[1]/body[1]/div[1]/div[1]/main[1]/section[5]/div[1]/div[1]/div[1]/div[1]/div[1]/h2[1],https://unpkg.com/accessibility-checker-engine@4.0.12/help/en-US/text_contrast_sufficient.html#%7B%22message%22%3A%22The%20foreground%20text%20and%20its%20background%20color%20are%20both%20detected%20as%20%23ffffff.%20Verify%20the%20text%20meets%20the%20WCAG%20AA%20requirements%20for%20minimum%20contrast%22%2C%22snippet%22%3A%22%3Ch2%20class%3D%5C%22font-playfair%20text-%5B44px%5D%20leading-%5B48px%5D%20sm%3Atext-%5B54px%5D%20sm%3Aleading-%5B58px%5D%20text-%5B%237a0081%5D%20font-semibold%20text-center%20mb-12%5C%22%3E%22%2C%22value%22%3A%5B%22VIOLATION%22%2C%22POTENTIAL%22%5D%2C%22reasonId%22%3A%22potential_same_color%22%2C%22ruleId%22%3A%22text_contrast_sufficient%22%2C%22messageArgs%22%3A%5B%221.00%22%2C54%2C600%2C%22%23ffffff%22%2C%22%23ffffff%22%2Cfalse%2Cfalse%5D%7D
Thérapeute en relation d'aide à Montréal et en ligne - Abigaïl Leconte,https://abigailtherapeute.com/,scan_3,849118976,Needs review,1,1.4.3 Contrast (Minimum),AA,text_contrast_sufficient,The foreground text and its background color are both detected as #ffffff. Verify the text meets the WCAG AA requirements for minimum contrast,p,"<p class=""font-manrope text-[18px] text-[#220224] leading-relaxed"">",/html[1]/body[1]/div[1]/div[1]/main[1]/section[5]/div[1]/div[1]/div[1]/div[1]/div[1]/p[1],https://unpkg.com/accessibility-checker-engine@4.0.12/help/en-US/text_contrast_sufficient.html#%7B%22message%22%3A%22The%20foreground%20text%20and%20its%20background%20color%20are%20both%20detected%20as%20%23ffffff.%20Verify%20the%20text%20meets%20the%20WCAG%20AA%20requirements%20for%20minimum%20contrast%22%2C%22snippet%22%3A%22%3Cp%20class%3D%5C%22font-manrope%20text-%5B18px%5D%20text-%5B%23220224%5D%20leading-relaxed%5C%22%3E%22%2C%22value%22%3A%5B%22VIOLATION%22%2C%22POTENTIAL%22%5D%2C%22reasonId%22%3A%22potential_same_color%22%2C%22ruleId%22%3A%22text_contrast_sufficient%22%2C%22messageArgs%22%3A%5B%221.00%22%2C18%2C400%2C%22%23ffffff%22%2C%22%23ffffff%22%2Cfalse%2Cfalse%5D%7D
Thérapeute en relation d'aide à Montréal et en ligne - Abigaïl Leconte,https://abigailtherapeute.com/,scan_3,3702451875,Needs review,1,1.4.3 Contrast (Minimum),AA,text_contrast_sufficient,The foreground text and its background color are both detected as #ffffff. Verify the text meets the WCAG AA requirements for minimum contrast,p,"<p class=""font-manrope text-[18px] text-[#220224] leading-relaxed"">",/html[1]/body[1]/div[1]/div[1]/main[1]/section[5]/div[1]/div[1]/div[1]/div[1]/div[1]/p[2],https://unpkg.com/accessibility-checker-engine@4.0.12/help/en-US/text_contrast_sufficient.html#%7B%22message%22%3A%22The%20foreground%20text%20and%20its%20background%20color%20are%20both%20detected%20as%20%23ffffff.%20Verify%20the%20text%20meets%20the%20WCAG%20AA%20requirements%20for%20minimum%20contrast%22%2C%22snippet%22%3A%22%3Cp%20class%3D%5C%22font-manrope%20text-%5B18px%5D%20text-%5B%23220224%5D%20leading-relaxed%5C%22%3E%22%2C%22value%22%3A%5B%22VIOLATION%22%2C%22POTENTIAL%22%5D%2C%22reasonId%22%3A%22potential_same_color%22%2C%22ruleId%22%3A%22text_contrast_sufficient%22%2C%22messageArgs%22%3A%5B%221.00%22%2C18%2C400%2C%22%23ffffff%22%2C%22%23ffffff%22%2Cfalse%2Cfalse%5D%7D
Thérapeute en relation d'aide à Montréal et en ligne - Abigaïl Leconte,https://abigailtherapeute.com/,scan_3,2593300594,Needs review,1,1.4.3 Contrast (Minimum),AA,text_contrast_sufficient,The foreground text and its background color are both detected as #ffffff. Verify the text meets the WCAG AA requirements for minimum contrast,a,"<a data-discover=""true"" href=""/a-propos"" class=""inline-block border-2 border-[#0a648e] text-[#0a648e] px-8 py-3 rounded-full font-semibold font-manrope text-[18px] hover:bg-[#CEE0E8] transition-colors"">",/html[1]/body[1]/div[1]/div[1]/main[1]/section[5]/div[1]/div[1]/div[1]/div[1]/div[1]/div[1]/a[1],https://unpkg.com/accessibility-checker-engine@4.0.12/help/en-US/text_contrast_sufficient.html#%7B%22message%22%3A%22The%20foreground%20text%20and%20its%20background%20color%20are%20both%20detected%20as%20%23ffffff.%20Verify%20the%20text%20meets%20the%20WCAG%20AA%20requirements%20for%20minimum%20contrast%22%2C%22snippet%22%3A%22%3Ca%20data-discover%3D%5C%22true%5C%22%20href%3D%5C%22%2Fa-propos%5C%22%20class%3D%5C%22inline-block%20border-2%20border-%5B%230a648e%5D%20text-%5B%230a648e%5D%20px-8%20py-3%20rounded-full%20font-semibold%20font-manrope%20text-%5B18px%5D%20hover%3Abg-%5B%23CEE0E8%5D%20transition-colors%5C%22%3E%22%2C%22value%22%3A%5B%22VIOLATION%22%2C%22POTENTIAL%22%5D%2C%22reasonId%22%3A%22potential_same_color%22%2C%22ruleId%22%3A%22text_contrast_sufficient%22%2C%22messageArgs%22%3A%5B%221.00%22%2C18%2C600%2C%22%23ffffff%22%2C%22%23ffffff%22%2Cfalse%2Cfalse%5D%7D
Thérapeute en relation d'aide à Montréal et en ligne - Abigaïl Leconte,https://abigailtherapeute.com/,scan_3,1659785305,Needs review,1,1.3.1 Info and Relationships,A,text_block_heading,"Confirm this text 'Montréal, Québec' is used as a heading and if so, modify to use a heading element or role",p,"<p class=""font-manrope text-[18px] text-[#220224] mb-3"">",/html[1]/body[1]/div[1]/div[1]/main[1]/section[6]/div[1]/div[1]/div[1]/div[1]/p[1],https://unpkg.com/accessibility-checker-engine@4.0.12/help/en-US/text_block_heading.html#%7B%22message%22%3A%22Confirm%20this%20text%20'Montr%C3%A9al%2C%20Qu%C3%A9bec'%20is%20used%20as%20a%20heading%20and%20if%20so%2C%20modify%20to%20use%20a%20heading%20element%20or%20role%22%2C%22snippet%22%3A%22%3Cp%20class%3D%5C%22font-manrope%20text-%5B18px%5D%20text-%5B%23220224%5D%20mb-3%5C%22%3E%22%2C%22value%22%3A%5B%22VIOLATION%22%2C%22POTENTIAL%22%5D%2C%22reasonId%22%3A%22potential_heading%22%2C%22ruleId%22%3A%22text_block_heading%22%2C%22messageArgs%22%3A%5B%22Montr%C3%A9al%2C%20Qu%C3%A9bec%22%5D%7D
Thérapeute en relation d'aide à Montréal et en ligne - Abigaïl Leconte,https://abigailtherapeute.com/,scan_3,1021992160,Needs review,1,1.4.3 Contrast (Minimum),AA,text_contrast_sufficient,The foreground text and its background color are both detected as #edefeb. Verify the text meets the WCAG AA requirements for minimum contrast,p,"<p class=""font-manrope text-[18px] text-[#220224] mb-3"">",/html[1]/body[1]/div[1]/div[1]/main[1]/section[6]/div[1]/div[1]/div[1]/div[1]/p[1],https://unpkg.com/accessibility-checker-engine@4.0.12/help/en-US/text_contrast_sufficient.html#%7B%22message%22%3A%22The%20foreground%20text%20and%20its%20background%20color%20are%20both%20detected%20as%20%23edefeb.%20Verify%20the%20text%20meets%20the%20WCAG%20AA%20requirements%20for%20minimum%20contrast%22%2C%22snippet%22%3A%22%3Cp%20class%3D%5C%22font-manrope%20text-%5B18px%5D%20text-%5B%23220224%5D%20mb-3%5C%22%3E%22%2C%22value%22%3A%5B%22VIOLATION%22%2C%22POTENTIAL%22%5D%2C%22reasonId%22%3A%22potential_same_color%22%2C%22ruleId%22%3A%22text_contrast_sufficient%22%2C%22messageArgs%22%3A%5B%221.00%22%2C18%2C400%2C%22%23edefeb%22%2C%22%23edefeb%22%2Cfalse%2Cfalse%5D%7D
Thérapeute en relation d'aide à Montréal et en ligne - Abigaïl Leconte,https://abigailtherapeute.com/,scan_3,914521690,Needs review,1,1.3.1 Info and Relationships,A,text_block_heading,"Confirm this text 'En ligne - Québec & France' is used as a heading and if so, modify to use a heading element or role",p,"<p class=""font-manrope text-[18px] text-[#220224]"">",/html[1]/body[1]/div[1]/div[1]/main[1]/section[6]/div[1]/div[1]/div[1]/div[1]/p[2],https://unpkg.com/accessibility-checker-engine@4.0.12/help/en-US/text_block_heading.html#%7B%22message%22%3A%22Confirm%20this%20text%20'En%20ligne%20-%20Qu%C3%A9bec%20%26%20France'%20is%20used%20as%20a%20heading%20and%20if%20so%2C%20modify%20to%20use%20a%20heading%20element%20or%20role%22%2C%22snippet%22%3A%22%3Cp%20class%3D%5C%22font-manrope%20text-%5B18px%5D%20text-%5B%23220224%5D%5C%22%3E%22%2C%22value%22%3A%5B%22VIOLATION%22%2C%22POTENTIAL%22%5D%2C%22reasonId%22%3A%22potential_heading%22%2C%22ruleId%22%3A%22text_block_heading%22%2C%22messageArgs%22%3A%5B%22En%20ligne%20-%20Qu%C3%A9bec%20%26%20France%22%5D%7D
Thérapeute en relation d'aide à Montréal et en ligne - Abigaïl Leconte,https://abigailtherapeute.com/,scan_3,3341293155,Needs review,1,1.4.3 Contrast (Minimum),AA,text_contrast_sufficient,The foreground text and its background color are both detected as #edefeb. Verify the text meets the WCAG AA requirements for minimum contrast,p,"<p class=""font-manrope text-[18px] text-[#220224]"">",/html[1]/body[1]/div[1]/div[1]/main[1]/section[6]/div[1]/div[1]/div[1]/div[1]/p[2],https://unpkg.com/accessibility-checker-engine@4.0.12/help/en-US/text_contrast_sufficient.html#%7B%22message%22%3A%22The%20foreground%20text%20and%20its%20background%20color%20are%20both%20detected%20as%20%23edefeb.%20Verify%20the%20text%20meets%20the%20WCAG%20AA%20requirements%20for%20minimum%20contrast%22%2C%22snippet%22%3A%22%3Cp%20class%3D%5C%22font-manrope%20text-%5B18px%5D%20text-%5B%23220224%5D%5C%22%3E%22%2C%22value%22%3A%5B%22VIOLATION%22%2C%22POTENTIAL%22%5D%2C%22reasonId%22%3A%22potential_same_color%22%2C%22ruleId%22%3A%22text_contrast_sufficient%22%2C%22messageArgs%22%3A%5B%221.00%22%2C18%2C400%2C%22%23edefeb%22%2C%22%23edefeb%22%2Cfalse%2Cfalse%5D%7D
Thérapeute en relation d'aide à Montréal et en ligne - Abigaïl Leconte,https://abigailtherapeute.com/,scan_3,2003611398,Recommendation,3,HTML specification,NA,element_attribute_deprecated,"The HTML attribute(s) ""http-equiv"" is deprecated for the <meta> element in HTML 5",meta,"<meta content=""A7vZI3v+Gz7JfuRolKNM4Aff6zaGuT7X0mf3wtoZTnKv6497cVMnhy03KDqX7kBz/q/iidW7srW31oQbBt4VhgoAAACUeyJvcmlnaW4iOiJodHRwczovL3d3dy5nb29nbGUuY29tOjQ0MyIsImZlYXR1cmUiOiJEaXNhYmxlVGhpcmRQYXJ0eVN0b3JhZ2VQYXJ0aXRpb25pbmczIiwiZXhwaXJ5IjoxNzU3OTgwODAwLCJpc1N1YmRvbWFpbiI6dHJ1ZSwiaXNUaGlyZFBhcnR5Ijp0cnVlfQ=="" http-equiv=""origin-trial"">",/html[1]/head[1]/meta[1],https://unpkg.com/accessibility-checker-engine@4.0.12/help/en-US/element_attribute_deprecated.html#%7B%22message%22%3A%22The%20HTML%20attribute(s)%20%5C%22http-equiv%5C%22%20is%20deprecated%20for%20the%20%3Cmeta%3E%20element%20in%20HTML%205%22%2C%22snippet%22%3A%22%3Cmeta%20content%3D%5C%22A7vZI3v%2BGz7JfuRolKNM4Aff6zaGuT7X0mf3wtoZTnKv6497cVMnhy03KDqX7kBz%2Fq%2FiidW7srW31oQbBt4VhgoAAACUeyJvcmlnaW4iOiJodHRwczovL3d3dy5nb29nbGUuY29tOjQ0MyIsImZlYXR1cmUiOiJEaXNhYmxlVGhpcmRQYXJ0eVN0b3JhZ2VQYXJ0aXRpb25pbmczIiwiZXhwaXJ5IjoxNzU3OTgwODAwLCJpc1N1YmRvbWFpbiI6dHJ1ZSwiaXNUaGlyZFBhcnR5Ijp0cnVlfQ%3D%3D%5C%22%20http-equiv%3D%5C%22origin-trial%5C%22%3E%22%2C%22value%22%3A%5B%22RECOMMENDATION%22%2C%22FAIL%22%5D%2C%22reasonId%22%3A%22fail_elem_attr%22%2C%22ruleId%22%3A%22element_attribute_deprecated%22%2C%22messageArgs%22%3A%5B%22http-equiv%22%2C%22meta%22%5D%7D
Thérapeute en relation d'aide à Montréal et en ligne - Abigaïl Leconte,https://abigailtherapeute.com/,scan_3,2032206261,Recommendation,1,1.3.1 Info and Relationships,A,aria_child_valid,"The element with role ""list"" does not own any child element with any of the following role(s): ""listitem""",ol,"<ol style=""--front-toast-height: 0px; --width: 356px; --gap: 14px; --normal-bg: inherit; --normal-text: inherit; --normal-border: hsl(var(--border)); --offset-top: 24px; --offset-right: 24px; --offset-bottom: 24px; --offset-left: 24px; --mobile-offset-top: 16px; --mobile-offset-right: 16px; --mobile-offset-bottom: 16px; --mobile-offset-left: 16px;"" data-x-position=""center"" data-y-position=""top"" data-rich-colors=""true"" data-theme=""light"" tabindex=""-1"" dir=""ltr"" class=""toaster group pointer-events-auto"" data-sonner-theme=""light"" data-sonner-toaster="""">",/html[1]/body[1]/div[8]/#document-fragment[1]/div[1]/section[1]/ol[1],https://unpkg.com/accessibility-checker-engine@4.0.12/help/en-US/aria_child_valid.html#%7B%22message%22%3A%22The%20element%20with%20role%20%5C%22list%5C%22%20does%20not%20own%20any%20child%20element%20with%20any%20of%20the%20following%20role(s)%3A%20%5C%22listitem%5C%22%22%2C%22snippet%22%3A%22%3Col%20style%3D%5C%22--front-toast-height%3A%200px%3B%20--width%3A%20356px%3B%20--gap%3A%2014px%3B%20--normal-bg%3A%20inherit%3B%20--normal-text%3A%20inherit%3B%20--normal-border%3A%20hsl(var(--border))%3B%20--offset-top%3A%2024px%3B%20--offset-right%3A%2024px%3B%20--offset-bottom%3A%2024px%3B%20--offset-left%3A%2024px%3B%20--mobile-offset-top%3A%2016px%3B%20--mobile-offset-right%3A%2016px%3B%20--mobile-offset-bottom%3A%2016px%3B%20--mobile-offset-left%3A%2016px%3B%5C%22%20data-x-position%3D%5C%22center%5C%22%20data-y-position%3D%5C%22top%5C%22%20data-rich-colors%3D%5C%22true%5C%22%20data-theme%3D%5C%22light%5C%22%20tabindex%3D%5C%22-1%5C%22%20dir%3D%5C%22ltr%5C%22%20class%3D%5C%22toaster%20group%20pointer-events-auto%5C%22%20data-sonner-theme%3D%5C%22light%5C%22%20data-sonner-toaster%3D%5C%22%5C%22%3E%22%2C%22value%22%3A%5B%22RECOMMENDATION%22%2C%22FAIL%22%5D%2C%22reasonId%22%3A%22Fail_no_child%22%2C%22ruleId%22%3A%22aria_child_valid%22%2C%22messageArgs%22%3A%5B%22list%22%2C%22listitem%22%5D%7D